Panel,Group,Kind,Order,X,Y
network,G1a,curve,0,0.0,0.03713655881707027
network,G1a,curve,1,0.020896309652279916,0.035234517088611625
network,G1a,curve,2,0.04179261930455983,0.030100297779530057
network,G1a,curve,3,0.06268892895683975,0.023197389215875337
network,G1a,curve,4,0.08358523860911966,0.016267338495323275
network,G1a,curve,5,0.10448154826139958,0.010773195242055163
network,G1a,curve,6,0.1253778579136795,0.007699912818558759
network,G1a,curve,7,0.1462741675659594,0.007719182630031793
network,G1a,curve,8,0.16717047721823933,0.011453995250222044
network,G1a,curve,9,0.18806678687051925,0.01950363979389348
network,G1a,curve,10,0.20896309652279915,0.03205143331541303
network,G1a,curve,11,0.22985940617507908,0.048208925975233075
network,G1a,curve,12,0.250755715827359,0.06558276235812441
network,G1a,curve,13,0.2716520254796389,0.08062252503919246
network,G1a,curve,14,0.2925483351319188,0.08992787948645713
network,G1a,curve,15,0.31344464478419876,0.09199806099320791
network,G1a,curve,16,0.33434095443647865,0.08839421598343421
network,G1a,curve,17,0.35523726408875855,0.08343492010143377
network,G1a,curve,18,0.3761335737410385,0.0823531782464778
network,G1a,curve,19,0.3970298833933184,0.08878917414755787
network,G1a,curve,20,0.4179261930455983,0.10297157585648153
network,G1a,curve,21,0.43882250269787826,0.12166427911741012
network,G1a,curve,22,0.45971881235015816,0.1400266693347927
network,G1a,curve,23,0.48061512200243806,0.15437808882162898
network,G1a,curve,24,0.501511431654718,0.1641619577367392
network,G1a,curve,25,0.5224077413069979,0.17181347204082384
network,G1a,curve,26,0.5433040509592778,0.1806926023820053
network,G1a,curve,27,0.5642003606115578,0.19270362121245882
network,G1a,curve,28,0.5850966702638376,0.20739236044532716
network,G1a,curve,29,0.6059929799161176,0.22296353457757823
network,G1a,curve,30,0.6268892895683975,0.23803046613991477
network,G1a,curve,31,0.6477855992206774,0.2525234558279829
network,G1a,curve,32,0.6686819088729573,0.26726181194813997
network,G1a,curve,33,0.6895782185252373,0.28297848597554015
network,G1a,curve,34,0.7104745281775171,0.29980568305757577
network,G1a,curve,35,0.7313708378297971,0.3174541022532598
network,G1a,curve,36,0.752267147482077,0.33561456433575426
network,G1a,curve,37,0.7731634571343569,0.3541437538761825
network,G1a,curve,38,0.7940597667866368,0.3730261173697365
network,G1a,curve,39,0.8149560764389168,0.3923095339638474
network,G1a,curve,40,0.8358523860911966,0.41209157165137145
network,G1a,curve,41,0.8567486957434766,0.4324952512024233
network,G1a,curve,42,0.8776450053957565,0.4535926732076661
network,G1a,curve,43,0.8985413150480364,0.47531476035925097
network,G1a,curve,44,0.9194376247003163,0.4974092105383901
network,G1a,curve,45,0.9403339343525963,0.5194801819135828
network,G1a,curve,46,0.9612302440048761,0.5411049584539671
network,G1a,curve,47,0.9821265536571561,0.5619860292442358
network,G1a,curve,48,1.003022863309436,0.582067537662766
network,G1a,curve,49,1.0239191729617159,0.6015474850577766
network,G1a,curve,50,1.0448154826139957,0.6207668122758719
network,G1a,curve,51,1.0657117922662758,0.6400291386246721
network,G1a,curve,52,1.0866081019185556,0.6594480295980534
network,G1a,curve,53,1.1075044115708355,0.6788964655848312
network,G1a,curve,54,1.1284007212231155,0.6980619749969799
network,G1a,curve,55,1.1492970308753954,0.7165485081094957
network,G1a,curve,56,1.1701933405276752,0.7339607179080724
network,G1a,curve,57,1.1910896501799553,0.7499514940725083
network,G1a,curve,58,1.2119859598322351,0.7642562462048689
network,G1a,curve,59,1.232882269484515,0.7767338365510125
network,G1a,curve,60,1.253778579136795,0.7873963211973941
network,G1a,curve,61,1.2746748887890749,0.7963891827332941
network,G1a,curve,62,1.2955711984413547,0.8039090879623858
network,G1a,curve,63,1.3164675080936348,0.8100907779634678
network,G1a,curve,64,1.3373638177459146,0.8149142208725165
network,G1a,curve,65,1.3582601273981945,0.8181703634751012
network,G1a,curve,66,1.3791564370504745,0.8195052755602538
network,G1a,curve,67,1.4000527467027544,0.8185478770092467
network,G1a,curve,68,1.4209490563550342,0.8150924759088426
network,G1a,curve,69,1.4418453660073143,0.8092478686409045
network,G1a,curve,70,1.4627416756595941,0.8014336963610944
network,G1a,curve,71,1.483637985311874,0.7921721540318808
network,G1a,curve,72,1.504534294964154,0.7817776386536079
network,G1a,curve,73,1.5254306046164339,0.7701661492320542
network,G1a,curve,74,1.5463269142687137,0.7569576080083374
network,G1a,curve,75,1.5672232239209938,0.7418292786795828
network,G1a,curve,76,1.5881195335732736,0.7248644704406175
network,G1a,curve,77,1.6090158432255535,0.7066226102634384
network,G1a,curve,78,1.6299121528778335,0.6878685194647234
network,G1a,curve,79,1.6508084625301134,0.6691657092782983
network,G1a,curve,80,1.6717047721823932,0.6506326411008584
network,G1a,curve,81,1.6926010818346733,0.6320114423684218
network,G1a,curve,82,1.7134973914869531,0.6129490472439166
network,G1a,curve,83,1.734393701139233,0.5932542068243677
network,G1a,curve,84,1.755290010791513,0.5729618372262482
network,G1a,curve,85,1.7761863204437929,0.5522203862585688
network,G1a,curve,86,1.7970826300960727,0.5311517886054354
network,G1a,curve,87,1.8179789397483528,0.5098193954925747
network,G1a,curve,88,1.8388752494006326,0.48831433855053735
network,G1a,curve,89,1.8597715590529125,0.46685607350911923
network,G1a,curve,90,1.8806678687051925,0.44579265568536164
network,G1a,curve,91,1.9015641783574724,0.42547587777634316
network,G1a,curve,92,1.9224604880097522,0.4060915289643375
network,G1a,curve,93,1.9433567976620323,0.38756263681474856
network,G1a,curve,94,1.9642531073143121,0.3695949045660283
network,G1a,curve,95,1.985149416966592,0.3518432410918411
network,G1a,curve,96,2.006045726618872,0.3341081684480164
network,G1a,curve,97,2.026942036271152,0.31645780182591393
network,G1a,curve,98,2.0478383459234317,0.29921447641770316
network,G1a,curve,99,2.0687346555757116,0.2828174031098086
network,G1a,curve,100,2.0896309652279914,0.2676356682017033
network,G1a,curve,101,2.1105272748802717,0.2538263196676428
network,G1a,curve,102,2.1314235845325515,0.24129888735102284
network,G1a,curve,103,2.1523198941848314,0.22978214827440316
network,G1a,curve,104,2.1732162038371112,0.2189367836236334
network,G1a,curve,105,2.194112513489391,0.20845434648475183
network,G1a,curve,106,2.215008823141671,0.19812102865112946
network,G1a,curve,107,2.235905132793951,0.18785871483878724
network,G1a,curve,108,2.256801442446231,0.17775031656892806
network,G1a,curve,109,2.277697752098511,0.16802617161629402
network,G1a,curve,110,2.2985940617507907,0.15898168095675544
network,G1a,curve,111,2.3194903714030706,0.15083742689225876
network,G1a,curve,112,2.3403866810553504,0.14360982713822043
network,G1a,curve,113,2.3612829907076307,0.1370756269141665
network,G1a,curve,114,2.3821793003599105,0.1308629362537522
network,G1a,curve,115,2.4030756100121904,0.12461926413126753
network,G1a,curve,116,2.4239719196644702,0.11815660643625768
network,G1a,curve,117,2.44486822931675,0.11149409468423012
network,G1a,curve,118,2.46576453896903,0.10479258317601721
network,G1a,curve,119,2.48666084862131,0.09824446187182932
network,G1a,curve,120,2.50755715827359,0.09199562924008477
network,G1a,curve,121,2.52845346792587,0.08613327129680697
network,G1a,curve,122,2.5493497775781497,0.08071645024421051
network,G1a,curve,123,2.5702460872304296,0.0758028590181873
network,G1a,curve,124,2.5911423968827094,0.07144407310708384
network,G1a,curve,125,2.6120387065349897,0.06765622910291912
network,G1a,curve,126,2.6329350161872696,0.06439235341192966
network,G1a,curve,127,2.6538313258395494,0.06153822621546279
network,G1a,curve,128,2.6747276354918292,0.058937040980745044
network,G1a,curve,129,2.695623945144109,0.056432247645810917
network,G1a,curve,130,2.716520254796389,0.05390913504935967
network,G1a,curve,131,2.7374165644486688,0.05131667656860655
network,G1a,curve,132,2.758312874100949,0.04866242644961712
network,G1a,curve,133,2.779209183753229,0.04598927512100846
network,G1a,curve,134,2.8001054934055087,0.04335290356279429
network,G1a,curve,135,2.8210018030577886,0.04081514007547753
network,G1a,curve,136,2.8418981127100684,0.038453148268201544
network,G1a,curve,137,2.8627944223623483,0.03636772423749008
network,G1a,curve,138,2.8836907320146286,0.034668198562947054
network,G1a,curve,139,2.9045870416669084,0.033424133437304805
network,G1a,curve,140,2.9254833513191882,0.03260155261987882
network,G1a,curve,141,2.946379660971468,0.03202592146747775
network,G1a,curve,142,2.967275970623748,0.031412151303270505
network,G1a,curve,143,2.9881722802760278,0.03046534705177763
network,G1a,curve,144,3.009068589928308,0.029006109444497573
network,G1a,curve,145,3.029964899580588,0.027049631231343994
network,G1a,curve,146,3.0508612092328677,0.024791603412327175
network,G1a,curve,147,3.0717575188851476,0.02251077199097722
network,G1a,curve,148,3.0926538285374274,0.020446361433289026
network,G1a,curve,149,3.1135501381897073,0.01871599905509032
network,G1a,curve,150,3.1344464478419876,0.017306722098023097
network,G1a,curve,151,3.1553427574942674,0.0161256225520495
network,G1a,curve,152,3.1762390671465472,0.015067978911054911
network,G1a,curve,153,3.197135376798827,0.014062757916126283
network,G1a,curve,154,3.218031686451107,0.013080482933771806
network,G1a,curve,155,3.2389279961033868,0.012116406520431207
network,G1a,curve,156,3.259824305755667,0.011173863533790929
network,G1a,curve,157,3.280720615407947,0.010263266606339609
network,G1a,curve,158,3.3016169250602267,0.00941224779615422
network,G1a,curve,159,3.3225132347125066,0.008669586570220562
network,G1a,curve,160,3.3434095443647864,0.008089887887183731
network,G1a,curve,161,3.3643058540170663,0.007702729414510767
network,G1a,curve,162,3.3852021636693466,0.007485005654784713
network,G1a,curve,163,3.4060984733216264,0.007356847984889583
network,G1a,curve,164,3.4269947829739063,0.0072086332573798265
network,G1a,curve,165,3.447891092626186,0.006947701319585415
network,G1a,curve,166,3.468787402278466,0.0065403356779690615
network,G1a,curve,167,3.489683711930746,0.006025648320320575
network,G1a,curve,168,3.510580021583026,0.005493343170186536
network,G1a,curve,169,3.531476331235306,0.00503809489392969
network,G1a,curve,170,3.5523726408875858,0.004716483087170443
network,G1a,curve,171,3.5732689505398656,0.004529392291703507
network,G1a,curve,172,3.5941652601921454,0.004435688591117988
network,G1a,curve,173,3.6150615698444253,0.0043837144996670225
network,G1a,curve,174,3.6359578794967056,0.004338671583690968
network,G1a,curve,175,3.6568541891489854,0.00429080245731052
network,G1a,curve,176,3.6777504988012653,0.004244833646023167
network,G1a,curve,177,3.698646808453545,0.004203462994655497
network,G1a,curve,178,3.719543118105825,0.004158562298338971
network,G1a,curve,179,3.740439427758105,0.004094317084401505
network,G1a,curve,180,3.761335737410385,0.003995723409588272
network,G1a,curve,181,3.782232047062665,0.0038530665898410974
network,G1a,curve,182,3.8031283567149448,0.0036597332580510823
network,G1a,curve,183,3.8240246663672246,0.0034091741274190368
network,G1a,curve,184,3.8449209760195044,0.0030978560442842906
network,G1a,curve,185,3.8658172856717843,0.0027337654805771904
network,G1a,curve,186,3.8867135953240646,0.0023426290276545984
network,G1a,curve,187,3.9076099049763444,0.001964425557295173
network,G1a,curve,188,3.9285062146286243,0.0016403317566625146
network,G1a,curve,189,3.949402524280904,0.0013975490714664915
network,G1a,curve,190,3.970298833933184,0.001240625202981553
network,G1a,curve,191,3.991195143585464,0.0011532688025519431
network,G1a,curve,192,4.012091453237744,0.0011085283158002385
network,G1a,curve,193,4.0329877628900235,0.0010813342615075012
network,G1a,curve,194,4.053884072542304,0.0010572060196906482
network,G1a,curve,195,4.074780382194583,0.0010337893104887942
network,G1a,curve,196,4.0956766918468634,0.0010159197550262185
network,G1a,curve,197,4.116573001499144,0.00100791249347082
network,G1a,curve,198,4.137469311151423,0.0010074930547149558
network,G1a,curve,199,4.158365620803703,0.0010043484289484381
network,G1a,curve,200,4.179261930455983,0.0009837023321749869
network,G1a,curve,201,4.200158240108263,0.0009328300279959078
network,G1a,curve,202,4.221054549760543,0.0008471163999690944
network,G1a,curve,203,4.241950859412823,0.0007326878107683246
network,G1a,curve,204,4.262847169065103,0.0006044628861020299
network,G1a,curve,205,4.2837434787173825,0.00048062760836646627
network,G1a,curve,206,4.304639788369663,0.0003760517594510955
network,G1a,curve,207,4.325536098021942,0.00029752781016095396
network,G1a,curve,208,4.3464324076742225,0.0002428364700494173
network,G1a,curve,209,4.367328717326503,0.00020379097726314337
network,G1a,curve,210,4.388225026978782,0.00017141123887076998
network,G1a,curve,211,4.409121336631062,0.00014043024229384198
network,G1a,curve,212,4.430017646283342,0.00011111528079998249
network,G1a,curve,213,4.450913955935622,8.828032692903169e-05
network,G1a,curve,214,4.471810265587902,7.888126978278248e-05
network,G1a,curve,215,4.492706575240182,8.97028201317388e-05
network,G1a,curve,216,4.513602884892462,0.0001256937126265783
network,G1a,curve,217,4.5344991945447415,0.00018866354961445214
network,G1a,curve,218,4.555395504197022,0.00027609499754261004
network,G1a,curve,219,4.576291813849301,0.0003804594979530507
network,G1a,curve,220,4.5971881235015815,0.0004897922093913319
network,G1a,curve,221,4.618084433153862,0.0005899074316787934
network,G1a,curve,222,4.638980742806141,0.0006678046685705242
network,G1a,curve,223,4.659877052458421,0.0007151253648200526
network,G1a,curve,224,4.680773362110701,0.0007303223363509334
network,G1a,curve,225,4.701669671762981,0.0007185666969886044
network,G1a,curve,226,4.722565981415261,0.0006893246786550002
network,G1a,curve,227,4.743462291067541,0.0006527283128089737
network,G1a,curve,228,4.764358600719821,0.0006165840926572332
network,G1a,curve,229,4.7852549103721005,0.0005853338147366826
network,G1a,curve,230,4.806151220024381,0.0005607114546714893
network,G1a,curve,231,4.82704752967666,0.0005426097912062935
network,G1a,curve,232,4.8479438393289405,0.0005290178738713293
network,G1a,curve,233,4.868840148981221,0.0005154448196759075
network,G1a,curve,234,4.8897364586335,0.0004952924268065109
network,G1a,curve,235,4.91063276828578,0.0004619941741325586
network,G1a,curve,236,4.93152907793806,0.000412052730574775
network,G1a,curve,237,4.95242538759034,0.0003470859534923155
network,G1a,curve,238,4.97332169724262,0.00027355141221800704
network,G1a,curve,239,4.9942180068949,0.0002003393739516342
network,G1a,median,-1,1.3979400086720377,
hindex,G1a,curve,0,0.0,0.08453353475895757
hindex,G1a,curve,1,0.010333951140715733,0.08259198206357467
hindex,G1a,curve,2,0.020667902281431467,0.07703081128254884
hindex,G1a,curve,3,0.031001853422147202,0.06858179256471371
hindex,G1a,curve,4,0.041335804562862934,0.05828692925263101
hindex,G1a,curve,5,0.051669755703578665,0.04728814729615216
hindex,G1a,curve,6,0.062003706844294404,0.036623115524142144
hindex,G1a,curve,7,0.07233765798501013,0.02707647239427741
hindex,G1a,curve,8,0.08267160912572587,0.019112122427259917
hindex,G1a,curve,9,0.0930055602664416,0.012885007249820885
hindex,G1a,curve,10,0.10333951140715733,0.00831016963427901
hindex,G1a,curve,11,0.11367346254787307,0.005158562656172366
hindex,G1a,curve,12,0.12400741368858881,0.003152485438580278
hindex,G1a,curve,13,0.13434136482930453,0.002044034120578976
hindex,G1a,curve,14,0.14467531597002026,0.0016715319796472962
hindex,G1a,curve,15,0.155009267110736,0.001996827497121039
hindex,G1a,curve,16,0.16534321825145173,0.0031284370054245176
hindex,G1a,curve,17,0.17567716939216746,0.005332104217181153
hindex,G1a,curve,18,0.1860111205328832,0.00902373440957166
hindex,G1a,curve,19,0.19634507167359894,0.014733389937555401
hindex,G1a,curve,20,0.20667902281431466,0.02302721401749608
hindex,G1a,curve,21,0.2170129739550304,0.034380324717781345
hindex,G1a,curve,22,0.22734692509574614,0.04900915027914371
hindex,G1a,curve,23,0.23768087623646186,0.06669349708409764
hindex,G1a,curve,24,0.24801482737717762,0.08663914768660509
hindex,G1a,curve,25,0.25834877851789334,0.10744018937882692
hindex,G1a,curve,26,0.26868272965860907,0.12718726927755217
hindex,G1a,curve,27,0.2790166807993248,0.14373152983513585
hindex,G1a,curve,28,0.2893506319400405,0.15506310834570647
hindex,G1a,curve,29,0.2996845830807563,0.1597163987540147
hindex,G1a,curve,30,0.310018534221472,0.15709261603755834
hindex,G1a,curve,31,0.32035248536218774,0.14760631975852506
hindex,G1a,curve,32,0.33068643650290347,0.1326134186618217
hindex,G1a,curve,33,0.3410203876436192,0.1141448822032086
hindex,G1a,curve,34,0.3513543387843349,0.09452645653439995
hindex,G1a,curve,35,0.36168828992505064,0.07598868773501607
hindex,G1a,curve,36,0.3720222410657664,0.060357115102981765
hindex,G1a,curve,37,0.38235619220648215,0.04887036659963251
hindex,G1a,curve,38,0.3926901433471979,0.04212540195465759
hindex,G1a,curve,39,0.4030240944879136,0.04011511741658449
hindex,G1a,curve,40,0.4133580456286293,0.04231466501977607
hindex,G1a,curve,41,0.42369199676934505,0.0477862625224087
hindex,G1a,curve,42,0.4340259479100608,0.0552949259558497
hindex,G1a,curve,43,0.44435989905077655,0.06344402473603351
hindex,G1a,curve,44,0.4546938501914923,0.0708400035442637
hindex,G1a,curve,45,0.465027801332208,0.07628019378243482
hindex,G1a,curve,46,0.4753617524729237,0.07893566663104232
hindex,G1a,curve,47,0.48569570361363945,0.07848574300555416
hindex,G1a,curve,48,0.49602965475435523,0.07516217644740382
hindex,G1a,curve,49,0.5063636058950709,0.06968107700410746
hindex,G1a,curve,50,0.5166975570357867,0.06307227614200586
hindex,G1a,curve,51,0.5270315081765024,0.056446669263379476
hindex,G1a,curve,52,0.5373654593172181,0.050760383109673325
hindex,G1a,curve,53,0.5476994104579339,0.04663430484883639
hindex,G1a,curve,54,0.5580333615986496,0.044269840374600244
hindex,G1a,curve,55,0.5683673127393654,0.04347364700316442
hindex,G1a,curve,56,0.578701263880081,0.043774581971107264
hindex,G1a,curve,57,0.5890352150207968,0.04459330155744333
hindex,G1a,curve,58,0.5993691661615126,0.04541418251683611
hindex,G1a,curve,59,0.6097031173022283,0.04591260320186553
hindex,G1a,curve,60,0.620037068442944,0.046006861584529525
hindex,G1a,curve,61,0.6303710195836597,0.04582856969424744
hindex,G1a,curve,62,0.6407049707243755,0.045630983021782284
hindex,G1a,curve,63,0.6510389218650912,0.04567314257120989
hindex,G1a,curve,64,0.6613728730058069,0.04612248501512142
hindex,G1a,curve,65,0.6717068241465227,0.047007925631424904
hindex,G1a,curve,66,0.6820407752872384,0.04823352878008722
hindex,G1a,curve,67,0.6923747264279542,0.049638652833471554
hindex,G1a,curve,68,0.7027086775686698,0.05107385447913502
hindex,G1a,curve,69,0.7130426287093856,0.05245941376828034
hindex,G1a,curve,70,0.7233765798501013,0.05380514677211226
hindex,G1a,curve,71,0.7337105309908171,0.05518974757138464
hindex,G1a,curve,72,0.7440444821315328,0.05671553986916652
hindex,G1a,curve,73,0.7543784332722485,0.05846221718199559
hindex,G1a,curve,74,0.7647123844129643,0.060458603541088
hindex,G1a,curve,75,0.77504633555368,0.06267887619801461
hindex,G1a,curve,76,0.7853802866943957,0.0650569367318751
hindex,G1a,curve,77,0.7957142378351115,0.06750649252867132
hindex,G1a,curve,78,0.8060481889758272,0.06993684688851058
hindex,G1a,curve,79,0.816382140116543,0.07226192259685177
hindex,G1a,curve,80,0.8267160912572586,0.07440664246186754
hindex,G1a,curve,81,0.8370500423979744,0.07631606860340459
hindex,G1a,curve,82,0.8473839935386901,0.07796855905784783
hindex,G1a,curve,83,0.8577179446794059,0.07938835760083619
hindex,G1a,curve,84,0.8680518958201217,0.08065006639227876
hindex,G1a,curve,85,0.8783858469608373,0.08186960115839781
hindex,G1a,curve,86,0.8887197981015531,0.08318216624303183
hindex,G1a,curve,87,0.8990537492422688,0.08471388964844141
hindex,G1a,curve,88,0.9093877003829846,0.08655665361764033
hindex,G1a,curve,89,0.9197216515237002,0.0887541543430224
hindex,G1a,curve,90,0.930055602664416,0.09130255168915147
hindex,G1a,curve,91,0.9403895538051318,0.09416368627752285
hindex,G1a,curve,92,0.9507235049458475,0.09728494743782533
hindex,G1a,curve,93,0.9610574560865632,0.10061855295530021
hindex,G1a,curve,94,0.9713914072272789,0.10413418719778737
hindex,G1a,curve,95,0.9817253583679947,0.10782185743398971
hindex,G1a,curve,96,0.9920593095087105,0.11168540773808501
hindex,G1a,curve,97,1.0023932606494261,0.11573031347045715
hindex,G1a,curve,98,1.0127272117901418,0.11995128725424341
hindex,G1a,curve,99,1.0230611629308577,0.12432532707959566
hindex,G1a,curve,100,1.0333951140715734,0.1288140714775871
hindex,G1a,curve,101,1.043729065212289,0.13337614945866041
hindex,G1a,curve,102,1.0540630163530047,0.1379865125732027
hindex,G1a,curve,103,1.0643969674937206,0.14265665963687058
hindex,G1a,curve,104,1.0747309186344363,0.14744833996291626
hindex,G1a,curve,105,1.085064869775152,0.15247448782618767
hindex,G1a,curve,106,1.0953988209158678,0.1578847690029603
hindex,G1a,curve,107,1.1057327720565835,0.1638382155346537
hindex,G1a,curve,108,1.1160667231972992,0.1704702297167153
hindex,G1a,curve,109,1.126400674338015,0.1778638629664802
hindex,G1a,curve,110,1.1367346254787307,0.1860345235014472
hindex,G1a,curve,111,1.1470685766194464,0.19493323695082734
hindex,G1a,curve,112,1.157402527760162,0.20446769622856548
hindex,G1a,curve,113,1.167736478900878,0.2145347428474556
hindex,G1a,curve,114,1.1780704300415936,0.2250545958456086
hindex,G1a,curve,115,1.1884043811823093,0.23599711192923253
hindex,G1a,curve,116,1.1987383323230252,0.24739339862257997
hindex,G1a,curve,117,1.2090722834637408,0.2593309662379851
hindex,G1a,curve,118,1.2194062346044565,0.27193557885654157
hindex,G1a,curve,119,1.2297401857451722,0.2853464649880346
hindex,G1a,curve,120,1.240074136885888,0.29969258094606044
hindex,G1a,curve,121,1.2504080880266037,0.3150760272971638
hindex,G1a,curve,122,1.2607420391673194,0.33156521110878234
hindex,G1a,curve,123,1.2710759903080353,0.3491963021201793
hindex,G1a,curve,124,1.281409941448751,0.3679785579565119
hindex,G1a,curve,125,1.2917438925894666,0.38789842438049577
hindex,G1a,curve,126,1.3020778437301823,0.4089192359819568
hindex,G1a,curve,127,1.3124117948708982,0.4309769458155143
hindex,G1a,curve,128,1.3227457460116139,0.4539758115491177
hindex,G1a,curve,129,1.3330796971523295,0.47778950428178574
hindex,G1a,curve,130,1.3434136482930454,0.502271719865063
hindex,G1a,curve,131,1.353747599433761,0.5272765661455227
hindex,G1a,curve,132,1.3640815505744768,0.5526845563267008
hindex,G1a,curve,133,1.3744155017151924,0.5784271017809904
hindex,G1a,curve,134,1.3847494528559083,0.6045023239716015
hindex,G1a,curve,135,1.395083403996624,0.6309776698554573
hindex,G1a,curve,136,1.4054173551373397,0.6579787848725976
hindex,G1a,curve,137,1.4157513062780556,0.6856675378778389
hindex,G1a,curve,138,1.4260852574187712,0.7142138056381704
hindex,G1a,curve,139,1.436419208559487,0.7437655644391525
hindex,G1a,curve,140,1.4467531597002026,0.7744208421076726
hindex,G1a,curve,141,1.4570871108409185,0.8062041271109309
hindex,G1a,curve,142,1.4674210619816341,0.8390493587384575
hindex,G1a,curve,143,1.4777550131223498,0.87279141816862
hindex,G1a,curve,144,1.4880889642630657,0.9071675980518544
hindex,G1a,curve,145,1.4984229154037814,0.9418295565296352
hindex,G1a,curve,146,1.508756866544497,0.9763649261442274
hindex,G1a,curve,147,1.5190908176852127,1.010326523926583
hindex,G1a,curve,148,1.5294247688259286,1.043266418942434
hindex,G1a,curve,149,1.5397587199666443,1.0747720401205938
hindex,G1a,curve,150,1.55009267110736,1.1045017514533746
hindex,G1a,curve,151,1.5604266222480758,1.1322173992849498
hindex,G1a,curve,152,1.5707605733887915,1.157810884990707
hindex,G1a,curve,153,1.5810945245295072,1.1813208743995578
hindex,G1a,curve,154,1.591428475670223,1.2029348891093063
hindex,G1a,curve,155,1.6017624268109387,1.222972198169134
hindex,G1a,curve,156,1.6120963779516544,1.2418450727562944
hindex,G1a,curve,157,1.62243032909237,1.2600003630873229
hindex,G1a,curve,158,1.632764280233086,1.2778491391282103
hindex,G1a,curve,159,1.6430982313738016,1.2956972893170586
hindex,G1a,curve,160,1.6534321825145173,1.3136920295205374
hindex,G1a,curve,161,1.6637661336552332,1.3317965242848946
hindex,G1a,curve,162,1.6741000847959489,1.3497974173986593
hindex,G1a,curve,163,1.6844340359366645,1.367340373567734
hindex,G1a,curve,164,1.6947679870773802,1.3839805393111257
hindex,G1a,curve,165,1.705101938218096,1.3992316935596925
hindex,G1a,curve,166,1.7154358893588117,1.4126013392833903
hindex,G1a,curve,167,1.7257698404995274,1.4236077308706057
hindex,G1a,curve,168,1.7361037916402433,1.4317850063554352
hindex,G1a,curve,169,1.746437742780959,1.4366895531978738
hindex,G1a,curve,170,1.7567716939216746,1.4379211303457453
hindex,G1a,curve,171,1.7671056450623903,1.4351656003391557
hindex,G1a,curve,172,1.7774395962031062,1.4282550266962368
hindex,G1a,curve,173,1.7877735473438219,1.4172300027280393
hindex,G1a,curve,174,1.7981074984845375,1.402383040313172
hindex,G1a,curve,175,1.8084414496252534,1.3842633398260693
hindex,G1a,curve,176,1.818775400765969,1.363631946995965
hindex,G1a,curve,177,1.8291093519066848,1.3413691183622418
hindex,G1a,curve,178,1.8394433030474004,1.3183483220145507
hindex,G1a,curve,179,1.8497772541881163,1.2952999179587386
hindex,G1a,curve,180,1.860111205328832,1.2726903288879188
hindex,G1a,curve,181,1.8704451564695477,1.2506397266163036
hindex,G1a,curve,182,1.8807791076102636,1.2288945753172944
hindex,G1a,curve,183,1.8911130587509792,1.2068625761552518
hindex,G1a,curve,184,1.901447009891695,1.183707781598654
hindex,G1a,curve,185,1.9117809610324106,1.1584935012894413
hindex,G1a,curve,186,1.9221149121731265,1.1303510004466855
hindex,G1a,curve,187,1.9324488633138421,1.0986447561011525
hindex,G1a,curve,188,1.9427828144545578,1.0631027772851407
hindex,G1a,curve,189,1.9531167655952737,1.0238852876144988
hindex,G1a,curve,190,1.9634507167359894,0.9815769541107184
hindex,G1a,curve,191,1.973784667876705,0.9371041535538414
hindex,G1a,curve,192,1.984118619017421,0.8915949106814138
hindex,G1a,curve,193,1.9944525701581366,0.8462105355849057
hindex,G1a,curve,194,2.0047865212988523,0.8019819435179596
hindex,G1a,curve,195,2.015120472439568,0.7596801470931288
hindex,G1a,curve,196,2.0254544235802836,0.7197415017103577
hindex,G1a,curve,197,2.0357883747209993,0.6822566634084056
hindex,G1a,curve,198,2.0461223258617154,0.647020162985921
hindex,G1a,curve,199,2.056456277002431,0.6136266385864404
hindex,G1a,curve,200,2.0667902281431467,0.5815914997203371
hindex,G1a,curve,201,2.0771241792838624,0.5504696428495756
hindex,G1a,curve,202,2.087458130424578,0.5199471818541038
hindex,G1a,curve,203,2.0977920815652937,0.4898884060971721
hindex,G1a,curve,204,2.1081260327060094,0.46033200595047646
hindex,G1a,curve,205,2.1184599838467255,0.4314438973748691
hindex,G1a,curve,206,2.128793934987441,0.40344474567739047
hindex,G1a,curve,207,2.139127886128157,0.37653518140963627
hindex,G1a,curve,208,2.1494618372688725,0.35083938848114415
hindex,G1a,curve,209,2.159795788409588,0.32637949681491296
hindex,G1a,curve,210,2.170129739550304,0.3030823680933531
hindex,G1a,curve,211,2.1804636906910195,0.28081090795796104
hindex,G1a,curve,212,2.1907976418317356,0.2594069392253248
hindex,G1a,curve,213,2.2011315929724513,0.23873275352355927
hindex,G1a,curve,214,2.211465544113167,0.21870234044602904
hindex,G1a,curve,215,2.2217994952538827,0.19929836391093264
hindex,G1a,curve,216,2.2321334463945983,0.1805748444941781
hindex,G1a,curve,217,2.242467397535314,0.16264723084972013
hindex,G1a,curve,218,2.25280134867603,0.14567173918831125
hindex,G1a,curve,219,2.2631352998167458,0.12981602496276476
hindex,G1a,curve,220,2.2734692509574614,0.11522461603896125
hindex,G1a,curve,221,2.283803202098177,0.10198501552203991
hindex,G1a,curve,222,2.294137153238893,0.0901025686588928
hindex,G1a,curve,223,2.3044711043796084,0.07949216362639247
hindex,G1a,curve,224,2.314805055520324,0.0699914353615976
hindex,G1a,curve,225,2.3251390066610402,0.06139389822929762
hindex,G1a,curve,226,2.335472957801756,0.053493597134792355
hindex,G1a,curve,227,2.3458069089424716,0.04612840274162028
hindex,G1a,curve,228,2.3561408600831872,0.039209155382687176
hindex,G1a,curve,229,2.366474811223903,0.032726682915549116
hindex,G1a,curve,230,2.3768087623646186,0.02673633898712561
hindex,G1a,curve,231,2.3871427135053342,0.021326991713180667
hindex,G1a,curve,232,2.3974766646460504,0.016585524621595557
hindex,G1a,curve,233,2.407810615786766,0.012567665862440873
hindex,G1a,curve,234,2.4181445669274817,0.009282072094190559
hindex,G1a,curve,235,2.4284785180681974,0.006689147132495394
hindex,G1a,curve,236,2.438812469208913,0.004711372859343049
hindex,G1a,curve,237,2.4491464203496287,0.003249465818189029
hindex,G1a,curve,238,2.4594803714903444,0.002198704992629492
hindex,G1a,curve,239,2.4698143226310605,0.0014615485864891958
hindex,G1a,median,-1,1.6989700043360187,
network,G1b,curve,0,0.0,2.7266416423313813
network,G1b,curve,1,0.01362993250741458,2.68968502349215
network,G1b,curve,2,0.02725986501482916,2.5814191863731004
network,G1b,curve,3,0.04088979752224374,2.4106674631130276
network,G1b,curve,4,0.05451973002965832,2.1908231243663217
network,G1b,curve,5,0.0681496625370729,1.9381888030298096
network,G1b,curve,6,0.08177959504448748,1.6700782514500037
network,G1b,curve,7,0.09540952755190206,1.4029895266131003
network,G1b,curve,8,0.10903946005931664,1.1511116505932333
network,G1b,curve,9,0.12266939256673122,0.9253325804395501
network,G1b,curve,10,0.1362993250741458,0.7328024675662782
network,G1b,curve,11,0.1499292575815604,0.5770014719414486
network,G1b,curve,12,0.16355919008897496,0.4581878680311102
network,G1b,curve,13,0.17718912259638953,0.37407025434520413
network,G1b,curve,14,0.19081905510380412,0.32055535968717663
network,G1b,curve,15,0.2044489876112187,0.29245868533106245
network,G1b,curve,16,0.21807892011863328,0.2841129528282048
network,G1b,curve,17,0.23170885262604785,0.2898536991072166
network,G1b,curve,18,0.24533878513346244,0.3043917641341801
network,G1b,curve,19,0.25896871764087703,0.3230948457043397
network,G1b,curve,20,0.2725986501482916,0.3421970313121825
network,G1b,curve,21,0.28622858265570617,0.35894285511465623
network,G1b,curve,22,0.2998585151631208,0.37165910430294447
network,G1b,curve,23,0.31348844767053535,0.3797402753057281
network,G1b,curve,24,0.3271183801779499,0.383536086086543
network,G1b,curve,25,0.3407483126853645,0.38414167515078057
network,G1b,curve,26,0.35437824519277905,0.3831094077217426
network,G1b,curve,27,0.3680081777001937,0.3821197384545506
network,G1b,curve,28,0.38163811020760824,0.3826612330243074
network,G1b,curve,29,0.3952680427150228,0.3857720834417477
network,G1b,curve,30,0.4088979752224374,0.3918856277138346
network,G1b,curve,31,0.422527907729852,0.40080225830841953
network,G1b,curve,32,0.43615784023726656,0.4117843500289819
network,G1b,curve,33,0.4497877727446811,0.42374577081777975
network,G1b,curve,34,0.4634177052520957,0.4354893798136969
network,G1b,curve,35,0.4770476377595103,0.4459390780053963
network,G1b,curve,36,0.4906775702669249,0.4543188417610933
network,G1b,curve,37,0.5043075027743394,0.4602477255410805
network,G1b,curve,38,0.5179374352817541,0.46374226824650455
network,G1b,curve,39,0.5315673677891686,0.4651399191532615
network,G1b,curve,40,0.5451973002965832,0.46497331228108396
network,G1b,curve,41,0.5588272328039978,0.46383185394642196
network,G1b,curve,42,0.5724571653114123,0.46224356246877013
network,G1b,curve,43,0.586087097818827,0.4605987820953823
network,G1b,curve,44,0.5997170303262416,0.45912260293743046
network,G1b,curve,45,0.6133469628336561,0.45788926568097804
network,G1b,curve,46,0.6269768953410707,0.45686309286626664
network,G1b,curve,47,0.6406068278484852,0.4559480500414336
network,G1b,curve,48,0.6542367603558998,0.45503116206304267
network,G1b,curve,49,0.6678666928633145,0.4540113868846691
network,G1b,curve,50,0.681496625370729,0.45281238897328036
network,G1b,curve,51,0.6951265578781436,0.4513827198776375
network,G1b,curve,52,0.7087564903855581,0.4496891495235685
network,G1b,curve,53,0.7223864228929727,0.44770848804245006
network,G1b,curve,54,0.7360163554003873,0.4454212260808913
network,G1b,curve,55,0.7496462879078019,0.4428079708295647
network,G1b,curve,56,0.7632762204152165,0.43984794615505
network,G1b,curve,57,0.7769061529226311,0.43651818275362425
network,G1b,curve,58,0.7905360854300456,0.43279233558553637
network,G1b,curve,59,0.8041660179374602,0.4286388928777143
network,G1b,curve,60,0.8177959504448749,0.4240193823713686
network,G1b,curve,61,0.8314258829522894,0.41888766954286377
network,G1b,curve,62,0.845055815459704,0.4131914312583921
network,G1b,curve,63,0.8586857479671185,0.40687643083530667
network,G1b,curve,64,0.8723156804745331,0.399893500797948
network,G1b,curve,65,0.8859456129819477,0.3922073885844641
network,G1b,curve,66,0.8995755454893622,0.3838060477629949
network,G1b,curve,67,0.9132054779967769,0.37470870600370665
network,G1b,curve,68,0.9268354105041914,0.3649711632356042
network,G1b,curve,69,0.940465343011606,0.354687225697843
network,G1b,curve,70,0.9540952755190206,0.3439858410213106
network,G1b,curve,71,0.9677252080264351,0.33302419908911796
network,G1b,curve,72,0.9813551405338498,0.3219776404392348
network,G1b,curve,73,0.9949850730412644,0.3110275569453474
network,G1b,curve,74,1.008615005548679,0.30034854858486065
network,G1b,curve,75,1.0222449380560934,0.2900959690798997
network,G1b,curve,76,1.0358748705635081,0.2803947621749664
network,G1b,curve,77,1.0495048030709226,0.27133027880256
network,G1b,curve,78,1.0631347355783372,0.26294165325855007
network,G1b,curve,79,1.0767646680857519,0.25521831116495697
network,G1b,curve,80,1.0903946005931664,0.24810021430621998
network,G1b,curve,81,1.104024533100581,0.24148239887482711
network,G1b,curve,82,1.1176544656079956,0.23522411610672747
network,G1b,curve,83,1.1312843981154102,0.22916237533453057
network,G1b,curve,84,1.1449143306228247,0.2231289535396228
network,G1b,curve,85,1.1585442631302394,0.21696911388304096
network,G1b,curve,86,1.172174195637654,0.21055958854513024
network,G1b,curve,87,1.1858041281450684,0.20382306600045683
network,G1b,curve,88,1.1994340606524831,0.19673665703812634
network,G1b,curve,89,1.2130639931598977,0.18933264595181665
network,G1b,curve,90,1.2266939256673122,0.18169114726008867
network,G1b,curve,91,1.2403238581747267,0.17392581642341376
network,G1b,curve,92,1.2539537906821414,0.16616514877834684
network,G1b,curve,93,1.267583723189556,0.1585327951465837
network,G1b,curve,94,1.2812136556969704,0.15113048477305585
network,G1b,curve,95,1.2948435882043852,0.1440265188359174
network,G1b,curve,96,1.3084735207117997,0.13725152872247673
network,G1b,curve,97,1.3221034532192142,0.1308015981213788
network,G1b,curve,98,1.335733385726629,0.12464732196434566
network,G1b,curve,99,1.3493633182340434,0.1187462822938229
network,G1b,curve,100,1.362993250741458,0.11305599415727016
network,G1b,curve,101,1.3766231832488727,0.10754465746320295
network,G1b,curve,102,1.3902531157562872,0.10219789819702979
network,G1b,curve,103,1.4038830482637017,0.09702081598087466
network,G1b,curve,104,1.4175129807711162,0.0920357538894289
network,G1b,curve,105,1.431142913278531,0.08727700343423049
network,G1b,curve,106,1.4447728457859454,0.08278400912950393
network,G1b,curve,107,1.45840277829336,0.07859454780825188
network,G1b,curve,108,1.4720327108007747,0.07473895657707061
network,G1b,curve,109,1.4856626433081892,0.07123596238075146
network,G1b,curve,110,1.4992925758156037,0.06809020944839651
network,G1b,curve,111,1.5129225083230184,0.06529130511663923
network,G1b,curve,112,1.526552440830433,0.0628141324551775
network,G1b,curve,113,1.5401823733378475,0.060620248832399734
network,G1b,curve,114,1.5538123058452622,0.05866029724217135
network,G1b,curve,115,1.5674422383526767,0.0568774010421858
network,G1b,curve,116,1.5810721708600912,0.055211438368718356
network,G1b,curve,117,1.594702103367506,0.05360391082090673
network,G1b,curve,118,1.6083320358749205,0.0520028999007239
network,G1b,curve,119,1.621961968382335,0.050367439071095
network,G1b,curve,120,1.6355919008897497,0.048670602620782384
network,G1b,curve,121,1.6492218333971642,0.04690076429476929
network,G1b,curve,122,1.6628517659045787,0.04506078904797133
network,G1b,curve,123,1.6764816984119932,0.043165317219370704
network,G1b,curve,124,1.690111630919408,0.04123667942287888
network,G1b,curve,125,1.7037415634268225,0.03930024313021613
network,G1b,curve,126,1.717371495934237,0.03738007186887469
network,G1b,curve,127,1.7310014284416517,0.03549565970500037
network,G1b,curve,128,1.7446313609490662,0.03366022426820961
network,G1b,curve,129,1.7582612934564807,0.03188067685016441
network,G1b,curve,130,1.7718912259638955,0.030159029397257345
network,G1b,curve,131,1.78552115847131,0.02849472716373294
network,G1b,curve,132,1.7991510909787245,0.026887264604936744
network,G1b,curve,133,1.8127810234861392,0.02533846387336519
network,G1b,curve,134,1.8264109559935537,0.023853945634895214
network,G1b,curve,135,1.8400408885009683,0.022443549854838412
network,G1b,curve,136,1.8536708210083828,0.02112070822341938
network,G1b,curve,137,1.8673007535157975,0.019900974486194455
network,G1b,curve,138,1.880930686023212,0.018800047178236266
network,G1b,curve,139,1.8945606185306265,0.017831658754016592
network,G1b,curve,140,1.9081905510380412,0.017005666715279144
network,G1b,curve,141,1.9218204835454558,0.016326592838186296
network,G1b,curve,142,1.9354504160528703,0.015792748215719913
network,G1b,curve,143,1.949080348560285,0.015395982152425838
network,G1b,curve,144,1.9627102810676995,0.015122018259772673
network,G1b,curve,145,1.976340213575114,0.01495129476888724
network,G1b,curve,146,1.9899701460825288,0.014860201740845076
network,G1b,curve,147,2.003600078589943,0.014822595436553494
network,G1b,curve,148,2.017230011097358,0.014811461841186528
network,G1b,curve,149,2.0308599436047725,0.014800595287204524
network,G1b,curve,150,2.044489876112187,0.01476615801522086
network,G1b,curve,151,2.0581198086196015,0.014687998428734967
network,G1b,curve,152,2.0717497411270163,0.014550633609626143
network,G1b,curve,153,2.0853796736344306,0.014343843631293348
network,G1b,curve,154,2.0990096061418453,0.014062873453141387
network,G1b,curve,155,2.11263953864926,0.013708281304149495
network,G1b,curve,156,2.1262694711566743,0.013285500132424948
network,G1b,curve,157,2.139899403664089,0.012804186044865083
network,G1b,curve,158,2.1535293361715038,0.012277417426445315
network,G1b,curve,159,2.167159268678918,0.01172078980265009
network,G1b,curve,160,2.180789201186333,0.01115143612633017
network,G1b,curve,161,2.1944191336937475,0.01058699899064977
network,G1b,curve,162,2.208049066201162,0.010044592573421185
network,G1b,curve,163,2.2216789987085765,0.009539812373554736
network,G1b,curve,164,2.2353089312159913,0.009085868911763896
network,G1b,curve,165,2.2489388637234056,0.008692925588682742
network,G1b,curve,166,2.2625687962308203,0.008367703278917811
network,G1b,curve,167,2.276198728738235,0.008113375508634784
network,G1b,curve,168,2.2898286612456493,0.007929727400867552
network,G1b,curve,169,2.303458593753064,0.007813504076926823
network,G1b,curve,170,2.317088526260479,0.007758845756381018
network,G1b,curve,171,2.330718458767893,0.007757708356274734
network,G1b,curve,172,2.344348391275308,0.007800201690361046
network,G1b,curve,173,2.3579783237827225,0.007874833581974668
network,G1b,curve,174,2.371608256290137,0.007968710077874358
network,G1b,curve,175,2.3852381887975516,0.0080677888848769
network,G1b,curve,176,2.3988681213049663,0.00815729768504596
network,G1b,curve,177,2.4124980538123806,0.008222402669786842
network,G1b,curve,178,2.4261279863197953,0.008249149368766516
network,G1b,curve,179,2.4397579188272096,0.008225613474327272
network,G1b,curve,180,2.4533878513346243,0.008143117428815183
network,G1b,curve,181,2.467017783842039,0.007997313459694528
network,G1b,curve,182,2.4806477163494534,0.007788923385802379
network,G1b,curve,183,2.494277648856868,0.007523965642818865
network,G1b,curve,184,2.507907581364283,0.007213382337501576
network,G1b,curve,185,2.521537513871697,0.006872083871475973
network,G1b,curve,186,2.535167446379112,0.0065175302173171535
network,G1b,curve,187,2.5487973788865266,0.006168042536733971
network,G1b,curve,188,2.562427311393941,0.005841071218215481
network,G1b,curve,189,2.5760572439013556,0.0055516334653139925
network,G1b,curve,190,2.5896871764087703,0.005311084098022157
network,G1b,curve,191,2.6033171089161846,0.005126314126287299
network,G1b,curve,192,2.6169470414235994,0.004999401954519798
network,G1b,curve,193,2.630576973931014,0.004927687066978955
network,G1b,curve,194,2.6442069064384284,0.004904203310398996
network,G1b,curve,195,2.657836838945843,0.004918397397433549
network,G1b,curve,196,2.671466771453258,0.004957060435687964
network,G1b,curve,197,2.685096703960672,0.005005406083858023
network,G1b,curve,198,2.698726636468087,0.005048230183818696
network,G1b,curve,199,2.7123565689755016,0.00507108029972277
network,G1b,curve,200,2.725986501482916,0.005061352355188724
network,G1b,curve,201,2.7396164339903306,0.005009222790404302
network,G1b,curve,202,2.7532463664977453,0.004908326849219224
network,G1b,curve,203,2.7668762990051596,0.004756112675302974
network,G1b,curve,204,2.7805062315125744,0.004553837340014666
network,G1b,curve,205,2.794136164019989,0.004306218905643346
network,G1b,curve,206,2.8077660965274034,0.004020807427329796
network,G1b,curve,207,2.821396029034818,0.003707175163894575
network,G1b,curve,208,2.8350259615422324,0.0033760425110039515
network,G1b,curve,209,2.848655894049647,0.003038447530118371
network,G1b,curve,210,2.862285826557062,0.0027050370022016893
network,G1b,curve,211,2.875915759064476,0.0023855155003746353
network,G1b,curve,212,2.889545691571891,0.0020882488589325297
network,G1b,curve,213,2.9031756240793056,0.0018199911909415282
network,G1b,curve,214,2.91680555658672,0.0015856968839944366
network,G1b,curve,215,2.9304354890941346,0.0013883904718312377
network,G1b,curve,216,2.9440654216015494,0.0012290911045840316
network,G1b,curve,217,2.9576953541089637,0.0011068136845667357
network,G1b,curve,218,2.9713252866163784,0.001018684463900967
network,G1b,curve,219,2.984955219123793,0.0009602072472743227
network,G1b,curve,220,2.9985851516312074,0.0009256954046175572
network,G1b,curve,221,3.012215084138622,0.00090884928815149
network,G1b,curve,222,3.025845016646037,0.0009034181970330927
network,G1b,curve,223,3.039474949153451,0.0009038529671900669
network,G1b,curve,224,3.053104881660866,0.0009058406683388484
network,G1b,curve,225,3.0667348141682806,0.0009066234188388903
network,G1b,curve,226,3.080364746675695,0.0009050390602749482
network,G1b,curve,227,3.0939946791831097,0.0009012754768475433
network,G1b,curve,228,3.1076246116905244,0.0008963903659284412
network,G1b,curve,229,3.1212545441979387,0.0008916995878230421
network,G1b,curve,230,3.1348844767053534,0.0008881667000857793
network,G1b,curve,231,3.148514409212768,0.0008859259034031827
network,G1b,curve,232,3.1621443417201824,0.0008840398170649735
network,G1b,curve,233,3.175774274227597,0.0008805394394328115
network,G1b,curve,234,3.189404206735012,0.0008727294536541628
network,G1b,curve,235,3.203034139242426,0.0008576833200799319
network,G1b,curve,236,3.216664071749841,0.0008328133117562535
network,G1b,curve,237,3.2302940042572557,0.0007963894571147141
network,G1b,curve,238,3.24392393676467,0.0007478994984048901
network,G1b,curve,239,3.2575538692720847,0.0006881832761681507
network,G1b,median,-1,0.0,
hindex,G1b,curve,0,0.0,0.08426498938892663
hindex,G1b,curve,1,0.010347177164054392,0.08361625381633798
hindex,G1b,curve,2,0.020694354328108785,0.08160912564043273
hindex,G1b,curve,3,0.031041531492163175,0.07836774303977598
hindex,G1b,curve,4,0.04138870865621757,0.0740840987536917
hindex,G1b,curve,5,0.051735885820271964,0.06900633758133061
hindex,G1b,curve,6,0.06208306298432635,0.06342394605955189
hindex,G1b,curve,7,0.07243024014838075,0.057651465459992356
hindex,G1b,curve,8,0.08277741731243514,0.052012308399549186
hindex,G1b,curve,9,0.09312459447648953,0.04682396784834482
hindex,G1b,curve,10,0.10347177164054393,0.04238544092285439
hindex,G1b,curve,11,0.11381894880459832,0.03896714512905361
hindex,G1b,curve,12,0.1241661259686527,0.036803090875235714
hindex,G1b,curve,13,0.1345133031327071,0.036084692748684574
hindex,G1b,curve,14,0.1448604802967615,0.03695542866123367
hindex,G1b,curve,15,0.15520765746081588,0.039505625711379715
hindex,G1b,curve,16,0.16555483462487028,0.0437669523411716
hindex,G1b,curve,17,0.17590201178892467,0.049706669456487045
hindex,G1b,curve,18,0.18624918895297907,0.05722224229989487
hindex,G1b,curve,19,0.19659636611703346,0.06613742157696186
hindex,G1b,curve,20,0.20694354328108786,0.07620124640386965
hindex,G1b,curve,21,0.21729072044514225,0.08709150315044255
hindex,G1b,curve,22,0.22763789760919664,0.09842393401214238
hindex,G1b,curve,23,0.23798507477325104,0.10976792369684898
hindex,G1b,curve,24,0.2483322519373054,0.12066856049176876
hindex,G1b,curve,25,0.2586794291013598,0.13067398504941333
hindex,G1b,curve,26,0.2690266062654142,0.1393659637079033
hindex,G1b,curve,27,0.2793737834294686,0.14639082611605073
hindex,G1b,curve,28,0.289720960593523,0.1514874474205687
hindex,G1b,curve,29,0.3000681377575774,0.15450894571128415
hindex,G1b,curve,30,0.31041531492163177,0.15543524848276585
hindex,G1b,curve,31,0.3207624920856862,0.1543746182076563
hindex,G1b,curve,32,0.33110966924974056,0.1515534980754146
hindex,G1b,curve,33,0.3414568464137949,0.14729546438456204
hindex,G1b,curve,34,0.35180402357784935,0.14199144014628537
hindex,G1b,curve,35,0.3621512007419037,0.1360644277375794
hindex,G1b,curve,36,0.37249837790595813,0.12993268938166758
hindex,G1b,curve,37,0.3828455550700125,0.12397544324452876
hindex,G1b,curve,38,0.3931927322340669,0.11850473409136852
hindex,G1b,curve,39,0.4035399093981213,0.1137462493934
hindex,G1b,curve,40,0.4138870865621757,0.10983062439830976
hindex,G1b,curve,41,0.4242342637262301,0.1067953995823517
hindex,G1b,curve,42,0.4345814408902845,0.1045964634861211
hindex,G1b,curve,43,0.44492861805433886,0.10312671947690916
hindex,G1b,curve,44,0.4552757952183933,0.10223899883607508
hindex,G1b,curve,45,0.46562297238244765,0.10176998353984379
hindex,G1b,curve,46,0.4759701495465021,0.10156210649032539
hindex,G1b,curve,47,0.48631732671055644,0.1014810011911862
hindex,G1b,curve,48,0.4966645038746108,0.101426956872475
hindex,G1b,curve,49,0.5070116810386652,0.10133984402460137
hindex,G1b,curve,50,0.5173588582027197,0.10119794617626718
hindex,G1b,curve,51,0.527706035366774,0.10101192226629968
hindex,G1b,curve,52,0.5380532125308284,0.10081562735659375
hindex,G1b,curve,53,0.5484003896948828,0.10065569112136244
hindex,G1b,curve,54,0.5587475668589372,0.10058160706303892
hindex,G1b,curve,55,0.5690947440229915,0.10063768715080113
hindex,G1b,curve,56,0.579441921187046,0.10085768905864752
hindex,G1b,curve,57,0.5897890983511004,0.1012623424349846
hindex,G1b,curve,58,0.6001362755151548,0.10185949277803118
hindex,G1b,curve,59,0.6104834526792091,0.10264622334729841
hindex,G1b,curve,60,0.6208306298432635,0.10361214327409174
hindex,G1b,curve,61,0.631177807007318,0.10474303760613163
hindex,G1b,curve,62,0.6415249841713724,0.10602422193504181
hindex,G1b,curve,63,0.6518721613354267,0.10744316983136352
hindex,G1b,curve,64,0.6622193384994811,0.10899122143456462
hindex,G1b,curve,65,0.6725665156635355,0.11066438359249108
hindex,G1b,curve,66,0.6829136928275898,0.11246336455100461
hindex,G1b,curve,67,0.6932608699916443,0.11439304221616584
hindex,G1b,curve,68,0.7036080471556987,0.11646155800847473
hindex,G1b,curve,69,0.7139552243197531,0.11867918452223868
hindex,G1b,curve,70,0.7243024014838074,0.12105706373929884
hindex,G1b,curve,71,0.7346495786478618,0.12360587689169512
hindex,G1b,curve,72,0.7449967558119163,0.126334499568049
hindex,G1b,curve,73,0.7553439329759707,0.12924871608542857
hindex,G1b,curve,74,0.765691110140025,0.1323501048435923
hindex,G1b,curve,75,0.7760382873040794,0.13563524473151348
hindex,G1b,curve,76,0.7863854644681338,0.1390954143274758
hindex,G1b,curve,77,0.7967326416321883,0.14271694710696853
hindex,G1b,curve,78,0.8070798187962426,0.14648236044398416
hindex,G1b,curve,79,0.817426995960297,0.15037229512637418
hindex,G1b,curve,80,0.8277741731243514,0.15436819417412173
hindex,G1b,curve,81,0.8381213502884057,0.15845552960958006
hindex,G1b,curve,82,0.8484685274524602,0.1626272717494671
hindex,G1b,curve,83,0.8588157046165146,0.16688720684963457
hindex,G1b,curve,84,0.869162881780569,0.17125266311795886
hindex,G1b,curve,85,0.8795100589446233,0.17575621541640815
hindex,G1b,curve,86,0.8898572361086777,0.1804460117481775
hindex,G1b,curve,87,0.9002044132727322,0.1853844974381917
hindex,G1b,curve,88,0.9105515904367866,0.19064549361437907
hindex,G1b,curve,89,0.9208987676008409,0.19630979380728533
hindex,G1b,curve,90,0.9312459447648953,0.20245964783071943
hindex,G1b,curve,91,0.9415931219289497,0.20917267412509372
hindex,G1b,curve,92,0.9519402990930041,0.21651585103370105
hindex,G1b,curve,93,0.9622874762570585,0.22454026219684825
hindex,G1b,curve,94,0.9726346534211129,0.23327720185288256
hindex,G1b,curve,95,0.9829818305851673,0.24273608796645635
hindex,G1b,curve,96,0.9933290077492216,0.25290440573207024
hindex,G1b,curve,97,1.003676184913276,0.2637496445609366
hindex,G1b,curve,98,1.0140233620773305,0.2752229385304341
hindex,G1b,curve,99,1.0243705392413849,0.28726391357251707
hindex,G1b,curve,100,1.0347177164054393,0.29980611680600516
hindex,G1b,curve,101,1.0450648935694937,0.31278237293565586
hindex,G1b,curve,102,1.055412070733548,0.32612948077760007
hindex,G1b,curve,103,1.0657592478976023,0.3397918135705524
hindex,G1b,curve,104,1.0761064250616568,0.3537235896690866
hindex,G1b,curve,105,1.0864536022257112,0.36788979754823037
hindex,G1b,curve,106,1.0968007793897656,0.38226595257507906
hindex,G1b,curve,107,1.10714795655382,0.3968370015985622
hindex,G1b,curve,108,1.1174951337178745,0.4115957565943693
hindex,G1b,curve,109,1.1278423108819289,0.4265412272468301
hindex,G1b,curve,110,1.138189488045983,0.4416771460739945
hindex,G1b,curve,111,1.1485366652100375,0.45701086131162033
hindex,G1b,curve,112,1.158883842374092,0.47255264068535574
hindex,G1b,curve,113,1.1692310195381463,0.48831531122547417
hindex,G1b,curve,114,1.1795781967022008,0.5043140781226383
hindex,G1b,curve,115,1.1899253738662552,0.5205663312594149
hindex,G1b,curve,116,1.2002725510303096,0.5370912625211711
hindex,G1b,curve,117,1.2106197281943638,0.553909171613336
hindex,G1b,curve,118,1.2209669053584182,0.5710404175340905
hindex,G1b,curve,119,1.2313140825224727,0.588504058975712
hindex,G1b,curve,120,1.241661259686527,0.6063163027453853
hindex,G1b,curve,121,1.2520084368505815,0.6244889317723481
hindex,G1b,curve,122,1.262355614014636,0.64302790586486
hindex,G1b,curve,123,1.2727027911786903,0.6619323171977323
hindex,G1b,curve,124,1.2830499683427448,0.6811938414332244
hindex,G1b,curve,125,1.293397145506799,0.7007967607619282
hindex,G1b,curve,126,1.3037443226708534,0.7207185555883086
hindex,G1b,curve,127,1.3140914998349078,0.7409309770211864
hindex,G1b,curve,128,1.3244386769989622,0.7614014335392484
hindex,G1b,curve,129,1.3347858541630166,0.7820944633347088
hindex,G1b,curve,130,1.345133031327071,0.8029730296743457
hindex,G1b,curve,131,1.3554802084911255,0.8239993792342992
hindex,G1b,curve,132,1.3658273856551797,0.845135248242975
hindex,G1b,curve,133,1.3761745628192341,0.8663412881913479
hindex,G1b,curve,134,1.3865217399832885,0.8875757043000897
hindex,G1b,curve,135,1.396868917147343,0.9087922405578904
hindex,G1b,curve,136,1.4072160943113974,0.9299377832346953
hindex,G1b,curve,137,1.4175632714754518,0.9509499653867034
hindex,G1b,curve,138,1.4279104486395062,0.9717552145420749
hindex,G1b,curve,139,1.4382576258035606,0.9922676776482333
hindex,G1b,curve,140,1.4486048029676148,1.0123893756423337
hindex,G1b,curve,141,1.4589519801316693,1.0320117922364986
hindex,G1b,curve,142,1.4692991572957237,1.051018908230335
hindex,G1b,curve,143,1.4796463344597781,1.069291484048098
hindex,G1b,curve,144,1.4899935116238325,1.0867122034168617
hindex,G1b,curve,145,1.500340688787887,1.1031711516084732
hindex,G1b,curve,146,1.5106878659519414,1.1185710350133677
hindex,G1b,curve,147,1.5210350431159956,1.1328315643857803
hindex,G1b,curve,148,1.53138222028005,1.1458925167823955
hindex,G1b,curve,149,1.5417293974441044,1.1577151431829844
hindex,G1b,curve,150,1.5520765746081588,1.1682817738515485
hindex,G1b,curve,151,1.5624237517722133,1.1775936629247696
hindex,G1b,curve,152,1.5727709289362677,1.1856672819347742
hindex,G1b,curve,153,1.583118106100322,1.1925294009879877
hindex,G1b,curve,154,1.5934652832643765,1.1982113778323387
hindex,G1b,curve,155,1.6038124604284307,1.2027431100935633
hindex,G1b,curve,156,1.6141596375924852,1.206147102473331
hindex,G1b,curve,157,1.6245068147565396,1.2084330698705623
hindex,G1b,curve,158,1.634853991920594,1.2095934499536787
hindex,G1b,curve,159,1.6452011690846484,1.209600142201141
hindex,G1b,curve,160,1.6555483462487028,1.2084027279083733
hindex,G1b,curve,161,1.6658955234127573,1.2059283562091956
hindex,G1b,curve,162,1.6762427005768115,1.2020834016348805
hindex,G1b,curve,163,1.6865898777408659,1.1967569061915952
hindex,G1b,curve,164,1.6969370549049203,1.1898257128872707
hindex,G1b,curve,165,1.7072842320689747,1.181161081484573
hindex,G1b,curve,166,1.7176314092330291,1.1706364585583238
hindex,G1b,curve,167,1.7279785863970836,1.1581359635149213
hindex,G1b,curve,168,1.738325763561138,1.1435630624577071
hindex,G1b,curve,169,1.7486729407251924,1.1268488445501073
hindex,G1b,curve,170,1.7590201178892466,1.1079593004152175
hindex,G1b,curve,171,1.769367295053301,1.08690103509503
hindex,G1b,curve,172,1.7797144722173555,1.0637249308603534
hindex,G1b,curve,173,1.7900616493814099,1.0385274049663242
hindex,G1b,curve,174,1.8004088265454643,1.0114490771902866
hindex,G1b,curve,175,1.8107560037095187,0.9826708604061286
hindex,G1b,curve,176,1.8211031808735731,0.9524076993206775
hindex,G1b,curve,177,1.8314503580376273,0.9209003890640995
hindex,G1b,curve,178,1.8417975352016818,0.8884060852495193
hindex,G1b,curve,179,1.8521447123657362,0.8551882482851428
hindex,G1b,curve,180,1.8624918895297906,0.8215068270456191
hindex,G1b,curve,181,1.872839066693845,0.7876094659375537
hindex,G1b,curve,182,1.8831862438578995,0.7537244095887566
hindex,G1b,curve,183,1.8935334210219539,0.7200555875722695
hindex,G1b,curve,184,1.9038805981860083,0.6867801076294091
hindex,G1b,curve,185,1.9142277753500625,0.6540481014376895
hindex,G1b,curve,186,1.924574952514117,0.6219845914251962
hindex,G1b,curve,187,1.9349221296781713,0.5906928212247625
hindex,G1b,curve,188,1.9452693068422258,0.5602583509098739
hindex,G1b,curve,189,1.9556164840062802,0.5307531831735395
hindex,G1b,curve,190,1.9659636611703346,0.5022392625126322
hindex,G1b,curve,191,1.976310838334389,0.4747708615946511
hindex,G1b,curve,192,1.9866580154984432,0.4483956059104707
hindex,G1b,curve,193,1.9970051926624977,0.42315414726535083
hindex,G1b,curve,194,2.007352369826552,0.39907873358838225
hindex,G1b,curve,195,2.0176995469906065,0.37619109785943483
hindex,G1b,curve,196,2.028046724154661,0.35450017691172653
hindex,G1b,curve,197,2.0383939013187153,0.33400016351038947
hindex,G1b,curve,198,2.0487410784827698,0.31466930288659484
hindex,G1b,curve,199,2.059088255646824,0.29646969342751833
hindex,G1b,curve,200,2.0694354328108786,0.2793481749377092
hindex,G1b,curve,201,2.079782609974933,0.26323822229231725
hindex,G1b,curve,202,2.0901297871389874,0.24806263640831827
hindex,G1b,curve,203,2.100476964303042,0.2337367552605569
hindex,G1b,curve,204,2.110824141467096,0.2201718977317341
hindex,G1b,curve,205,2.1211713186311503,0.20727879164192498
hindex,G1b,curve,206,2.1315184957952047,0.19497080436445524
hindex,G1b,curve,207,2.141865672959259,0.18316686673293947
hindex,G1b,curve,208,2.1522128501233135,0.17179403814312688
hindex,G1b,curve,209,2.162560027287368,0.16078969036348015
hindex,G1b,curve,210,2.1729072044514224,0.15010328742992757
hindex,G1b,curve,211,2.183254381615477,0.13969771685540794
hindex,G1b,curve,212,2.1936015587795312,0.12955009784921961
hindex,G1b,curve,213,2.2039487359435856,0.11965197212530915
hindex,G1b,curve,214,2.21429591310764,0.1100087861832171
hindex,G1b,curve,215,2.2246430902716945,0.10063860787118886
hindex,G1b,curve,216,2.234990267435749,0.09157008299785196
hindex,G1b,curve,217,2.2453374445998033,0.08283971978691348
hindex,G1b,curve,218,2.2556846217638578,0.07448867432867425
hindex,G1b,curve,219,2.2660317989279117,0.06655928132276938
hindex,G1b,curve,220,2.276378976091966,0.05909161623266756
hindex,G1b,curve,221,2.2867261532560206,0.05212037831897386
hindex,G1b,curve,222,2.297073330420075,0.04567234753944658
hindex,G1b,curve,223,2.3074205075841294,0.039764598437768785
hindex,G1b,curve,224,2.317767684748184,0.03440356332269193
hindex,G1b,curve,225,2.3281148619122383,0.029584940721126187
hindex,G1b,curve,226,2.3384620390762927,0.0252943584085802
hindex,G1b,curve,227,2.348809216240347,0.021508635170026776
hindex,G1b,curve,228,2.3591563934044015,0.018197448577761854
hindex,G1b,curve,229,2.369503570568456,0.01532520852516903
hindex,G1b,curve,230,2.3798507477325104,0.012852954018282943
hindex,G1b,curve,231,2.390197924896565,0.010740126343020033
hindex,G1b,curve,232,2.400545102060619,0.008946116305600351
hindex,G1b,curve,233,2.4108922792246736,0.007431528396862545
hindex,G1b,curve,234,2.4212394563887276,0.006159144010420518
hindex,G1b,curve,235,2.431586633552782,0.005094595484010209
hindex,G1b,curve,236,2.4419338107168365,0.0042067816691108515
hindex,G1b,curve,237,2.452280987880891,0.003468065059591653
hindex,G1b,curve,238,2.4626281650449453,0.0028542926184847565
hindex,G1b,curve,239,2.4729753422089997,0.002344680122165623
hindex,G1b,median,-1,1.5440680443502757,
network,G2a,curve,0,0.0,0.04267706468435285
network,G2a,curve,1,0.02149383795470399,0.04110498599644924
network,G2a,curve,2,0.04298767590940798,0.03672721543846423
network,G2a,curve,3,0.06448151386411197,0.03064575051679639
network,G2a,curve,4,0.08597535181881596,0.024337687037018843
network,G2a,curve,5,0.10746918977351996,0.019315870336677726
network,G2a,curve,6,0.12896302772822393,0.016872189644853732
network,G2a,curve,7,0.15045686568292793,0.017933804662360216
network,G2a,curve,8,0.17195070363763193,0.02297005142470797
network,G2a,curve,9,0.19344454159233593,0.031875513648329745
network,G2a,curve,10,0.21493837954703993,0.04383614790120037
network,G2a,curve,11,0.2364322175017439,0.05729656734849956
network,G2a,curve,12,0.25792605545644787,0.07018611091596003
network,G2a,curve,13,0.27941989341115187,0.08046334340046335
network,G2a,curve,14,0.30091373136585586,0.08683483555933992
network,G2a,curve,15,0.32240756932055986,0.0893232592971545
network,G2a,curve,16,0.34390140727526386,0.08934848747971919
network,G2a,curve,17,0.36539524522996786,0.08919569233154574
network,G2a,curve,18,0.38688908318467186,0.09107603013100204
network,G2a,curve,19,0.40838292113937585,0.0962362436521559
network,G2a,curve,20,0.42987675909407985,0.10457136826691733
network,G2a,curve,21,0.4513705970487838,0.1149196569089625
network,G2a,curve,22,0.4728644350034878,0.12582950008889568
network,G2a,curve,23,0.4943582729581918,0.13632939925478374
network,G2a,curve,24,0.5158521109128957,0.14627391747370336
network,G2a,curve,25,0.5373459488675998,0.1561495833935298
network,G2a,curve,26,0.5588397868223037,0.16658149976653505
network,G2a,curve,27,0.5803336247770078,0.17792947814355398
network,G2a,curve,28,0.6018274627317117,0.19021542547661566
network,G2a,curve,29,0.6233213006864158,0.20332882756219836
network,G2a,curve,30,0.6448151386411197,0.21726140464960436
network,G2a,curve,31,0.6663089765958238,0.23215813581854042
network,G2a,curve,32,0.6878028145505277,0.24816464638232202
network,G2a,curve,33,0.7092966525052317,0.26521710065263604
network,G2a,curve,34,0.7307904904599357,0.28294240319084824
network,G2a,curve,35,0.7522843284146397,0.300737453486715
network,G2a,curve,36,0.7737781663693437,0.3179784014327875
network,G2a,curve,37,0.7952720043240477,0.33425113648378835
network,G2a,curve,38,0.8167658422787517,0.3495034347437466
network,G2a,curve,39,0.8382596802334557,0.3640682560297251
network,G2a,curve,40,0.8597535181881597,0.37856400692917336
network,G2a,curve,41,0.8812473561428636,0.39371870603949544
network,G2a,curve,42,0.9027411940975676,0.4101798840082263
network,G2a,curve,43,0.9242350320522716,0.4283627610263175
network,G2a,curve,44,0.9457288700069756,0.44836819168249825
network,G2a,curve,45,0.9672227079616796,0.46998117577062565
network,G2a,curve,46,0.9887165459163836,0.49274359632480386
network,G2a,curve,47,1.0102103838710876,0.5160786666657516
network,G2a,curve,48,1.0317042218257915,0.5394304077184898
network,G2a,curve,49,1.0531980597804955,0.5623766978625854
network,G2a,curve,50,1.0746918977351996,0.5846851064309805
network,G2a,curve,51,1.0961857356899036,0.6063033605235412
network,G2a,curve,52,1.1176795736446075,0.6272989613762023
network,G2a,curve,53,1.1391734115993115,0.6477741475830374
network,G2a,curve,54,1.1606672495540156,0.6677810823246798
network,G2a,curve,55,1.1821610875087196,0.687254381962542
network,G2a,curve,56,1.2036549254634235,0.7059718809959369
network,G2a,curve,57,1.2251487634181275,0.7235524546103851
network,G2a,curve,58,1.2466426013728316,0.7394978576092748
network,G2a,curve,59,1.2681364393275354,0.7532778716893854
network,G2a,curve,60,1.2896302772822394,0.7644429069232305
network,G2a,curve,61,1.3111241152369435,0.7727317591874152
network,G2a,curve,62,1.3326179531916476,0.7781357337586527
network,G2a,curve,63,1.3541117911463514,0.7808919580701359
network,G2a,curve,64,1.3756056291010554,0.7814059064721027
network,G2a,curve,65,1.3970994670557595,0.7801326326178362
network,G2a,curve,66,1.4185933050104633,0.7774622971966232
network,G2a,curve,67,1.4400871429651674,0.7736507776592882
network,G2a,curve,68,1.4615809809198714,0.7688149851497248
network,G2a,curve,69,1.4830748188745755,0.7629864040085421
network,G2a,curve,70,1.5045686568292793,0.7561952214551527
network,G2a,curve,71,1.5260624947839834,0.7485459883639713
network,G2a,curve,72,1.5475563327386874,0.7402463311400983
network,G2a,curve,73,1.5690501706933913,0.7315654902772782
network,G2a,curve,74,1.5905440086480953,0.722729399987508
network,G2a,curve,75,1.6120378466027994,0.7137944520793037
network,G2a,curve,76,1.6335316845575034,0.7045640633709984
network,G2a,curve,77,1.6550255225122072,0.6946027769915285
network,G2a,curve,78,1.6765193604669113,0.6833600825313065
network,G2a,curve,79,1.6980131984216154,0.670360295305917
network,G2a,curve,80,1.7195070363763194,0.6553765651409503
network,G2a,curve,81,1.7410008743310232,0.6385090684670391
network,G2a,curve,82,1.7624947122857273,0.6201304570142829
network,G2a,curve,83,1.7839885502404313,0.6007245071772689
network,G2a,curve,84,1.8054823881951352,0.5806950612838929
network,G2a,curve,85,1.8269762261498392,0.5602358578635261
network,G2a,curve,86,1.8484700641045433,0.5393205955969891
network,G2a,curve,87,1.8699639020592473,0.5178123163986152
network,G2a,curve,88,1.8914577400139512,0.4956325281663711
network,G2a,curve,89,1.9129515779686552,0.47290252323143067
network,G2a,curve,90,1.9344454159233593,0.44998483852957066
network,G2a,curve,91,1.955939253878063,0.4274031746940125
network,G2a,curve,92,1.9774330918327672,0.40567990755732997
network,G2a,curve,93,1.9989269297874712,0.3851721948007014
network,G2a,curve,94,2.0204207677421753,0.36598859105324355
network,G2a,curve,95,2.041914605696879,0.3480249344537019
network,G2a,curve,96,2.063408443651583,0.33109241173699955
network,G2a,curve,97,2.084902281606287,0.31505987908409966
network,G2a,curve,98,2.106396119560991,0.29992853563143157
network,G2a,curve,99,2.1278899575156953,0.28580284329727224
network,G2a,curve,100,2.149383795470399,0.2727868062235131
network,G2a,curve,101,2.170877633425103,0.2608765159043407
network,G2a,curve,102,2.1923714713798073,0.2499136658760747
network,G2a,curve,103,2.213865309334511,0.23962030242988008
network,G2a,curve,104,2.235359147289215,0.22968589762932734
network,G2a,curve,105,2.256852985243919,0.2198548230169063
network,G2a,curve,106,2.278346823198623,0.20997387397768258
network,G2a,curve,107,2.299840661153327,0.19999106358511456
network,G2a,curve,108,2.321334499108031,0.18992533395086608
network,G2a,curve,109,2.342828337062735,0.1798361280808286
network,G2a,curve,110,2.3643221750174392,0.16981044864843786
network,G2a,curve,111,2.385816012972143,0.1599641846781277
network,G2a,curve,112,2.407309850926847,0.1504398630026203
network,G2a,curve,113,2.428803688881551,0.14138510858813808
network,G2a,curve,114,2.450297526836255,0.13291316254767274
network,G2a,curve,115,2.471791364790959,0.1250654259294494
network,G2a,curve,116,2.493285202745663,0.11780088835300769
network,G2a,curve,117,2.514779040700367,0.11102327543956983
network,G2a,curve,118,2.536272878655071,0.10463314486711352
network,G2a,curve,119,2.557766716609775,0.0985757107554953
network,G2a,curve,120,2.579260554564479,0.09285736837874847
network,G2a,curve,121,2.6007543925191827,0.08752310174148703
network,G2a,curve,122,2.622248230473887,0.08261055822204667
network,G2a,curve,123,2.643742068428591,0.07810992886938803
network,G2a,curve,124,2.665235906383295,0.07395419316634418
network,G2a,curve,125,2.686729744337999,0.07004501578488977
network,G2a,curve,126,2.7082235822927028,0.06629756760972998
network,G2a,curve,127,2.729717420247407,0.06267644318677115
network,G2a,curve,128,2.751211258202111,0.05920165417718475
network,G2a,curve,129,2.7727050961568147,0.05592381353954491
network,G2a,curve,130,2.794198934111519,0.05288740413799851
network,G2a,curve,131,2.815692772066223,0.05010684005647742
network,G2a,curve,132,2.8371866100209266,0.04756817069029041
network,G2a,curve,133,2.858680447975631,0.04524895091558772
network,G2a,curve,134,2.8801742859303348,0.04313548088161914
network,G2a,curve,135,2.901668123885039,0.041220340664216544
network,G2a,curve,136,2.923161961839743,0.03948068002569727
network,G2a,curve,137,2.9446557997944467,0.03785506764723211
network,G2a,curve,138,2.966149637749151,0.03624019987223778
network,G2a,curve,139,2.987643475703855,0.034515879750463614
network,G2a,curve,140,3.0091373136585586,0.03258749187545918
network,G2a,curve,141,3.030631151613263,0.030423746410917128
network,G2a,curve,142,3.0521249895679667,0.028070740440096255
network,G2a,curve,143,3.0736188275226706,0.025637272838497982
network,G2a,curve,144,3.095112665477375,0.023260610949846522
network,G2a,curve,145,3.1166065034320787,0.021068475105357188
network,G2a,curve,146,3.1381003413867825,0.019150536601289823
network,G2a,curve,147,3.159594179341487,0.01754529612061248
network,G2a,curve,148,3.1810880172961906,0.01624112710894047
network,G2a,curve,149,3.202581855250895,0.015186744394253977
network,G2a,curve,150,3.2240756932055987,0.014306561595978462
network,G2a,curve,151,3.2455695311603026,0.013518320295189916
network,G2a,curve,152,3.267063369115007,0.0127515100396565
network,G2a,curve,153,3.2885572070697107,0.011964195015762673
network,G2a,curve,154,3.3100510450244145,0.011153830492338859
network,G2a,curve,155,3.3315448829791188,0.010356945862264886
network,G2a,curve,156,3.3530387209338226,0.009635209148581514
network,G2a,curve,157,3.3745325588885264,0.009051007557590977
network,G2a,curve,158,3.3960263968432307,0.00864131385783871
network,G2a,curve,159,3.4175202347979345,0.008400597543257319
network,G2a,curve,160,3.439014072752639,0.008280166593487284
network,G2a,curve,161,3.4605079107073426,0.008204130925333904
network,G2a,curve,162,3.4820017486620465,0.00809498723628215
network,G2a,curve,163,3.5034955866167508,0.007898312583631651
network,G2a,curve,164,3.5249894245714546,0.007597593148850411
network,G2a,curve,165,3.5464832625261584,0.007215318271626933
network,G2a,curve,166,3.5679771004808627,0.006802020980343955
network,G2a,curve,167,3.5894709384355665,0.006418311935154948
network,G2a,curve,168,3.6109647763902704,0.006115521608544178
network,G2a,curve,169,3.6324586143449746,0.005919602374709628
network,G2a,curve,170,3.6539524522996785,0.005821972233192013
network,G2a,curve,171,3.6754462902543823,0.005780202309897202
network,G2a,curve,172,3.6969401282090866,0.005729726737659315
network,G2a,curve,173,3.7184339661637904,0.005604236114796072
network,G2a,curve,174,3.7399278041184947,0.005358147454335058
network,G2a,curve,175,3.7614216420731985,0.00498227975815032
network,G2a,curve,176,3.7829154800279023,0.004505948543550162
network,G2a,curve,177,3.8044093179826066,0.003984772216821007
network,G2a,curve,178,3.8259031559373105,0.0034802359095814687
network,G2a,curve,179,3.8473969938920143,0.003040427825277671
network,G2a,curve,180,3.8688908318467186,0.0026895292898575377
network,G2a,curve,181,3.8903846698014224,0.002428235175755444
network,G2a,curve,182,3.911878507756126,0.0022419284753296977
network,G2a,curve,183,3.9333723457108305,0.0021110116155778286
network,G2a,curve,184,3.9548661836655343,0.002018742930134822
network,G2a,curve,185,3.976360021620238,0.001954635760205027
network,G2a,curve,186,3.9978538595749424,0.001913977603276396
network,G2a,curve,187,4.019347697529646,0.0018952852304486734
network,G2a,curve,188,4.0408415354843505,0.001897560584688334
network,G2a,curve,189,4.062335373439054,0.0019185367477072978
network,G2a,curve,190,4.083829211393758,0.0019541732274997604
network,G2a,curve,191,4.1053230493484625,0.0019988943731858574
network,G2a,curve,192,4.126816887303166,0.0020458509329249223
network,G2a,curve,193,4.14831072525787,0.0020869356854769845
network,G2a,curve,194,4.169804563212574,0.0021129914964196513
network,G2a,curve,195,4.191298401167279,0.0021148998984229666
network,G2a,curve,196,4.212792239121982,0.0020856607999139186
network,G2a,curve,197,4.234286077076686,0.0020225991476282112
network,G2a,curve,198,4.255779915031391,0.0019283876626076137
network,G2a,curve,199,4.277273752986094,0.0018102012074382794
network,G2a,curve,200,4.298767590940798,0.0016775765318213052
network,G2a,curve,201,4.320261428895503,0.0015403434904094617
network,G2a,curve,202,4.341755266850206,0.0014075962455484766
network,G2a,curve,203,4.36324910480491,0.001287473413680257
network,G2a,curve,204,4.3847429427596145,0.0011866843967631314
network,G2a,curve,205,4.406236780714318,0.0011090818048363569
network,G2a,curve,206,4.427730618669022,0.0010538093327789994
network,G2a,curve,207,4.4492244566237265,0.0010144872546487434
network,G2a,curve,208,4.47071829457843,0.0009806450070380405
network,G2a,curve,209,4.492212132533134,0.0009413412459726689
network,G2a,curve,210,4.513705970487838,0.0008895986252523791
network,G2a,curve,211,4.535199808442542,0.0008257874927734567
network,G2a,curve,212,4.556693646397246,0.0007585540986344299
network,G2a,curve,213,4.57818748435195,0.0007028512856949048
network,G2a,curve,214,4.599681322306654,0.0006755912672239447
network,G2a,curve,215,4.621175160261358,0.0006901604019584133
network,G2a,curve,216,4.642668998216062,0.0007514357931787941
network,G2a,curve,217,4.664162836170766,0.0008529169143103188
network,G2a,curve,218,4.68565667412547,0.000977033365460199
network,G2a,curve,219,4.707150512080174,0.0010987124697534657
network,G2a,curve,220,4.7286443500348785,0.0011912460162419394
network,G2a,curve,221,4.750138187989582,0.0012328042108690682
network,G2a,curve,222,4.771632025944286,0.0012118234058865168
network,G2a,curve,223,4.79312586389899,0.0011298774132871385
network,G2a,curve,224,4.814619701853694,0.0010013246288605652
network,G2a,curve,225,4.836113539808398,0.000849822574368927
network,G2a,curve,226,4.857607377763102,0.0007025817364026066
network,G2a,curve,227,4.879101215717806,0.0005838344461299107
network,G2a,curve,228,4.90059505367251,0.0005092390259003459
network,G2a,curve,229,4.922088891627214,0.00048270768416758627
network,G2a,curve,230,4.943582729581918,0.0004964681125908144
network,G2a,curve,231,4.965076567536622,0.0005342151080935917
network,G2a,curve,232,4.986570405491326,0.0005762530040681251
network,G2a,curve,233,5.00806424344603,0.0006049094859709324
network,G2a,curve,234,5.029558081400734,0.0006085161768756015
network,G2a,curve,235,5.051051919355438,0.0005829587776628902
network,G2a,curve,236,5.072545757310142,0.0005308678425685821
network,G2a,curve,237,5.094039595264846,0.00045937245089395644
network,G2a,curve,238,5.11553343321955,0.0003775538190026168
network,G2a,curve,239,5.1370272711742535,0.0002943640908887092
network,G2a,median,-1,1.4471580313422192,
hindex,G2a,curve,0,0.0,0.07290107447444075
hindex,G2a,curve,1,0.010329110732159086,0.07151048472318465
hindex,G2a,curve,2,0.02065822146431817,0.06749585587595729
hindex,G2a,curve,3,0.030987332196477257,0.0612994592558416
hindex,G2a,curve,4,0.04131644292863634,0.05356856672434821
hindex,G2a,curve,5,0.05164555366079543,0.04504457394551921
hindex,G2a,curve,6,0.061974664392954515,0.03644769510583393
hindex,G2a,curve,7,0.0723037751251136,0.028381941787403477
hindex,G2a,curve,8,0.08263288585727269,0.021276981124095862
hindex,G2a,curve,9,0.09296199658943177,0.015372262335871193
hindex,G2a,curve,10,0.10329110732159086,0.010738393779053423
hindex,G2a,curve,11,0.11362021805374994,0.0073240162572244015
hindex,G2a,curve,12,0.12394932878590903,0.005014356618156701
hindex,G2a,curve,13,0.13427843951806812,0.003689428653045042
hindex,G2a,curve,14,0.1446075502502272,0.0032735363956574964
hindex,G2a,curve,15,0.1549366609823863,0.0037712657228607493
hindex,G2a,curve,16,0.16526577171454537,0.005287169911732809
hindex,G2a,curve,17,0.17559488244670446,0.008026646629461502
hindex,G2a,curve,18,0.18592399317886354,0.012274957552304079
hindex,G2a,curve,19,0.19625310391102263,0.018351533007446623
hindex,G2a,curve,20,0.20658221464318172,0.02653920422547291
hindex,G2a,curve,21,0.2169113253753408,0.036993588854252864
hindex,G2a,curve,22,0.2272404361074999,0.049645837871530825
hindex,G2a,curve,23,0.23756954683965897,0.06411997425916681
hindex,G2a,curve,24,0.24789865757181806,0.07969057510457096
hindex,G2a,curve,25,0.25822776830397715,0.09530410651708192
hindex,G2a,curve,26,0.26855687903613623,0.10967611147969357
hindex,G2a,curve,27,0.2788859897682953,0.1214581137973769
hindex,G2a,curve,28,0.2892151005004544,0.12944738403659523
hindex,G2a,curve,29,0.2995442112326135,0.1327965575599851
hindex,G2a,curve,30,0.3098733219647726,0.13117492854283203
hindex,G2a,curve,31,0.32020243269693166,0.12484213645506344
hindex,G2a,curve,32,0.33053154342909075,0.11461592569539229
hindex,G2a,curve,33,0.34086065416124983,0.10174208233726008
hindex,G2a,curve,34,0.3511897648934089,0.08769783242791358
hindex,G2a,curve,35,0.361518875625568,0.0739726642220959
hindex,G2a,curve,36,0.3718479863577271,0.061869763522037304
hindex,G2a,curve,37,0.3821770970898862,0.052359258342573045
hindex,G2a,curve,38,0.39250620782204526,0.04599721760742116
hindex,G2a,curve,39,0.40283531855420435,0.04290859120228218
hindex,G2a,curve,40,0.41316442928636343,0.042822627824338204
hindex,G2a,curve,41,0.4234935400185225,0.0451466692091228
hindex,G2a,curve,42,0.4338226507506816,0.049066163598975025
hindex,G2a,curve,43,0.4441517614828407,0.05366138342591021
hindex,G2a,curve,44,0.4544808722149998,0.058031640413672855
hindex,G2a,curve,45,0.46480998294715886,0.061415144126940435
hindex,G2a,curve,46,0.47513909367931795,0.06328896182817569
hindex,G2a,curve,47,0.48546820441147703,0.06343202907352394
hindex,G2a,curve,48,0.4957973151436361,0.06193749799709722
hindex,G2a,curve,49,0.5061264258757951,0.059169479399231076
hindex,G2a,curve,50,0.5164555366079543,0.055671473086256563
hindex,G2a,curve,51,0.5267846473401134,0.05204572535162482
hindex,G2a,curve,52,0.5371137580722725,0.04883037614948523
hindex,G2a,curve,53,0.5474428688044315,0.046401858408747554
hindex,G2a,curve,54,0.5577719795365906,0.04492318522113831
hindex,G2a,curve,55,0.5681010902687498,0.044346467950159375
hindex,G2a,curve,56,0.5784302010009088,0.04446383603091241
hindex,G2a,curve,57,0.5887593117330678,0.04498892022156226
hindex,G2a,curve,58,0.599088422465227,0.04564452161770539
hindex,G2a,curve,59,0.6094175331973861,0.04623267660209982
hindex,G2a,curve,60,0.6197466439295451,0.046670603799996574
hindex,G2a,curve,61,0.6300757546617042,0.0469875597121851
hindex,G2a,curve,62,0.6404048653938633,0.04728971974055357
hindex,G2a,curve,63,0.6507339761260225,0.0477089859017435
hindex,G2a,curve,64,0.6610630868581815,0.048354409126537774
hindex,G2a,curve,65,0.6713921975903405,0.049281162726695506
hindex,G2a,curve,66,0.6817213083224997,0.050483563256918364
hindex,G2a,curve,67,0.6920504190546588,0.05190903558238663
hindex,G2a,curve,68,0.7023795297868178,0.053482938597640126
hindex,G2a,curve,69,0.7127086405189769,0.05513226390376461
hindex,G2a,curve,70,0.723037751251136,0.05679953251818014
hindex,G2a,curve,71,0.7333668619832951,0.05844462608453186
hindex,G2a,curve,72,0.7436959727154542,0.060038516113355325
hindex,G2a,curve,73,0.7540250834476132,0.0615560471123261
hindex,G2a,curve,74,0.7643541941797724,0.06297397598021287
hindex,G2a,curve,75,0.7746833049119315,0.06427637592521028
hindex,G2a,curve,76,0.7850124156440905,0.06546470450218961
hindex,G2a,curve,77,0.7953415263762496,0.06656681693899984
hindex,G2a,curve,78,0.8056706371084087,0.06763931567659813
hindex,G2a,curve,79,0.8159997478405678,0.06876052201610718
hindex,G2a,curve,80,0.8263288585727269,0.0700154100889161
hindex,G2a,curve,81,0.8366579693048859,0.07147712513279673
hindex,G2a,curve,82,0.846987080037045,0.0731909356085952
hindex,G2a,curve,83,0.8573161907692042,0.07516545872632345
hindex,G2a,curve,84,0.8676453015013632,0.07737349030003868
hindex,G2a,curve,85,0.8779744122335222,0.07976187197796256
hindex,G2a,curve,86,0.8883035229656814,0.08226748166633266
hindex,G2a,curve,87,0.8986326336978405,0.08483513926675598
hindex,G2a,curve,88,0.9089617444299996,0.08743306904532466
hindex,G2a,curve,89,0.9192908551621586,0.09006238827504269
hindex,G2a,curve,90,0.9296199658943177,0.09275861750933181
hindex,G2a,curve,91,0.9399490766264769,0.09558508550252062
hindex,G2a,curve,92,0.9502781873586359,0.09861994135716479
hindex,G2a,curve,93,0.9606072980907949,0.10193990052059414
hindex,G2a,curve,94,0.9709364088229541,0.10560453969848743
hindex,G2a,curve,95,0.9812655195551132,0.10964478352811856
hindex,G2a,curve,96,0.9915946302872722,0.11405824711208043
hindex,G2a,curve,97,1.0019237410194313,0.11881252401065355
hindex,G2a,curve,98,1.0122528517515903,0.12385565238804778
hindex,G2a,curve,99,1.0225819624837496,0.12913122660487425
hindex,G2a,curve,100,1.0329110732159086,0.13459434931568423
hindex,G2a,curve,101,1.0432401839480676,0.14022421328010723
hindex,G2a,curve,102,1.0535692946802269,0.14602980352564185
hindex,G2a,curve,103,1.063898405412386,0.15204699705365765
hindex,G2a,curve,104,1.074227516144545,0.15832783382185445
hindex,G2a,curve,105,1.084556626876704,0.16492523993160144
hindex,G2a,curve,106,1.094885737608863,0.17187816173217654
hindex,G2a,curve,107,1.1052148483410222,0.17920223481547176
hindex,G2a,curve,108,1.1155439590731813,0.1868895383653911
hindex,G2a,curve,109,1.1258730698053403,0.19491806726877633
hindex,G2a,curve,110,1.1362021805374996,0.2032682342029365
hindex,G2a,curve,111,1.1465312912696586,0.21194116903457777
hindex,G2a,curve,112,1.1568604020018176,0.22097277834747595
hindex,G2a,curve,113,1.1671895127339766,0.2304388172727885
hindex,G2a,curve,114,1.1775186234661357,0.24044918000553311
hindex,G2a,curve,115,1.187847734198295,0.25113317027609977
hindex,G2a,curve,116,1.198176844930454,0.26262038438462254
hindex,G2a,curve,117,1.208505955662613,0.2750230305420139
hindex,G2a,curve,118,1.2188350663947722,0.28842469035759577
hindex,G2a,curve,119,1.2291641771269313,0.30287813337657854
hindex,G2a,curve,120,1.2394932878590903,0.3184117962294775
hindex,G2a,curve,121,1.2498223985912493,0.3350420271746662
hindex,G2a,curve,122,1.2601515093234084,0.3527869578471666
hindex,G2a,curve,123,1.2704806200555676,0.3716781064279855
hindex,G2a,curve,124,1.2808097307877266,0.3917671666168741
hindex,G2a,curve,125,1.2911388415198857,0.4131271607833745
hindex,G2a,curve,126,1.301467952252045,0.43584848597545806
hindex,G2a,curve,127,1.311797062984204,0.46003092354805897
hindex,G2a,curve,128,1.322126173716363,0.48577247233769677
hindex,G2a,curve,129,1.332455284448522,0.5131553989376982
hindex,G2a,curve,130,1.342784395180681,0.5422298497916188
hindex,G2a,curve,131,1.3531135059128403,0.5729961999429368
hindex,G2a,curve,132,1.3634426166449993,0.6053889348016268
hindex,G2a,curve,133,1.3737717273771584,0.6392665371754128
hindex,G2a,curve,134,1.3841008381093176,0.6744124438587277
hindex,G2a,curve,135,1.3944299488414766,0.7105506555784927
hindex,G2a,curve,136,1.4047590595736357,0.7473758172251885
hindex,G2a,curve,137,1.4150881703057947,0.7845924621674517
hindex,G2a,curve,138,1.4254172810379537,0.8219535504583786
hindex,G2a,curve,139,1.435746391770113,0.8592865998338225
hindex,G2a,curve,140,1.446075502502272,0.8964980164008428
hindex,G2a,curve,141,1.456404613234431,0.9335524783059267
hindex,G2a,curve,142,1.4667337239665903,0.9704324286047322
hindex,G2a,curve,143,1.4770628346987493,1.0070898101627255
hindex,G2a,curve,144,1.4873919454309084,1.043405239553613
hindex,G2a,curve,145,1.4977210561630674,1.0791675028449623
hindex,G2a,curve,146,1.5080501668952264,1.114079408430209
hindex,G2a,curve,147,1.5183792776273857,1.1477873832480683
hindex,G2a,curve,148,1.5287083883595447,1.1799251558516959
hindex,G2a,curve,149,1.5390374990917037,1.2101589872003322
hindex,G2a,curve,150,1.549366609823863,1.2382237911222618
hindex,G2a,curve,151,1.559695720556022,1.2639446393720817
hindex,G2a,curve,152,1.570024831288181,1.2872438352579751
hindex,G2a,curve,153,1.58035394202034,1.3081373790016724
hindex,G2a,curve,154,1.590683052752499,1.326725033544108
hindex,G2a,curve,155,1.6010121634846584,1.3431759839060926
hindex,G2a,curve,156,1.6113412742168174,1.3577092897643384
hindex,G2a,curve,157,1.6216703849489764,1.3705671857898758
hindex,G2a,curve,158,1.6319994956811357,1.3819809692850418
hindex,G2a,curve,159,1.6423286064132947,1.392133172642635
hindex,G2a,curve,160,1.6526577171454537,1.401123868821295
hindex,G2a,curve,161,1.6629868278776128,1.40895073682134
hindex,G2a,curve,162,1.6733159386097718,1.4155102383179845
hindex,G2a,curve,163,1.683645049341931,1.4206211404538767
hindex,G2a,curve,164,1.69397416007409,1.424063899042312
hindex,G2a,curve,165,1.704303270806249,1.4256234522747007
hindex,G2a,curve,166,1.7146323815384084,1.425121706442186
hindex,G2a,curve,167,1.7249614922705674,1.4224304588960686
hindex,G2a,curve,168,1.7352906030027264,1.4174641569959796
hindex,G2a,curve,169,1.7456197137348854,1.4101611266342722
hindex,G2a,curve,170,1.7559488244670445,1.4004675754964262
hindex,G2a,curve,171,1.7662779351992037,1.3883379733299104
hindex,G2a,curve,172,1.7766070459313628,1.3737581995144756
hindex,G2a,curve,173,1.7869361566635218,1.3567868479521106
hindex,G2a,curve,174,1.797265267395681,1.3375997820000185
hindex,G2a,curve,175,1.80759437812784,1.3165178333839922
hindex,G2a,curve,176,1.817923488859999,1.293999916110791
hindex,G2a,curve,177,1.8282525995921581,1.270593334659083
hindex,G2a,curve,178,1.8385817103243172,1.246846535309414
hindex,G2a,curve,179,1.8489108210564764,1.2232023371920455
hindex,G2a,curve,180,1.8592399317886354,1.1998974172014822
hindex,G2a,curve,181,1.8695690425207945,1.176893962116502
hindex,G2a,curve,182,1.8798981532529537,1.1538620059164724
hindex,G2a,curve,183,1.8902272639851128,1.130218537208439
hindex,G2a,curve,184,1.9005563747172718,1.1052159172748275
hindex,G2a,curve,185,1.9108854854494308,1.078061437966088
hindex,G2a,curve,186,1.9212145961815899,1.0480446336780485
hindex,G2a,curve,187,1.931543706913749,1.0146498841479707
hindex,G2a,curve,188,1.9418728176459081,0.9776375683992486
hindex,G2a,curve,189,1.9522019283780672,0.9370850005348499
hindex,G2a,curve,190,1.9625310391102264,0.8933859542971611
hindex,G2a,curve,191,1.9728601498423854,0.847213053009131
hindex,G2a,curve,192,1.9831892605745445,0.7994503509793055
hindex,G2a,curve,193,1.9935183713067035,0.7511048975600093
hindex,G2a,curve,194,2.0038474820388625,0.7032071465804752
hindex,G2a,curve,195,2.0141765927710216,0.6567114041786243
hindex,G2a,curve,196,2.0245057035031806,0.6124087168949521
hindex,G2a,curve,197,2.03483481423534,0.5708644659986628
hindex,G2a,curve,198,2.045163924967499,0.532390168025921
hindex,G2a,curve,199,2.055493035699658,0.497053178631784
hindex,G2a,curve,200,2.065822146431817,0.4647201860329182
hindex,G2a,curve,201,2.076151257163976,0.43512284278095914
hindex,G2a,curve,202,2.0864803678961352,0.4079292611963362
hindex,G2a,curve,203,2.0968094786282943,0.3828052010949594
hindex,G2a,curve,204,2.1071385893604537,0.3594536957868898
hindex,G2a,curve,205,2.1174677000926128,0.3376298077531918
hindex,G2a,curve,206,2.127796810824772,0.3171352193220877
hindex,G2a,curve,207,2.138125921556931,0.29780255134501327
hindex,G2a,curve,208,2.14845503228909,0.27948004660687414
hindex,G2a,curve,209,2.158784143021249,0.2620238476552279
hindex,G2a,curve,210,2.169113253753408,0.245299519665448
hindex,G2a,curve,211,2.179442364485567,0.229189415838937
hindex,G2a,curve,212,2.189771475217726,0.21360012442679385
hindex,G2a,curve,213,2.2001005859498854,0.19846526646131848
hindex,G2a,curve,214,2.2104296966820445,0.1837423408400305
hindex,G2a,curve,215,2.2207588074142035,0.16940606630574953
hindex,G2a,curve,216,2.2310879181463625,0.15544269109684858
hindex,G2a,curve,217,2.2414170288785216,0.14184902262945395
hindex,G2a,curve,218,2.2517461396106806,0.12863696931286933
hindex,G2a,curve,219,2.2620752503428396,0.1158408570551336
hindex,G2a,curve,220,2.272404361074999,0.10352261118113941
hindex,G2a,curve,221,2.282733471807158,0.09177024981101767
hindex,G2a,curve,222,2.293062582539317,0.08068785409810467
hindex,G2a,curve,223,2.303391693271476,0.07037890855748832
hindex,G2a,curve,224,2.3137208040036352,0.06092783725201264
hindex,G2a,curve,225,2.3240499147357943,0.0523853718103042
hindex,G2a,curve,226,2.3343790254679533,0.04476183997841569
hindex,G2a,curve,227,2.3447081362001123,0.038029430796861705
hindex,G2a,curve,228,2.3550372469322713,0.03213142025242528
hindex,G2a,curve,229,2.365366357664431,0.026994498060668306
hindex,G2a,curve,230,2.37569546839659,0.02254025229320102
hindex,G2a,curve,231,2.386024579128749,0.01869321710540739
hindex,G2a,curve,232,2.396353689860908,0.015384797952366414
hindex,G2a,curve,233,2.406682800593067,0.012553951888220385
hindex,G2a,curve,234,2.417011911325226,0.01014619471159257
hindex,G2a,curve,235,2.427341022057385,0.00811233165767885
hindex,G2a,curve,236,2.4376701327895445,0.00640764365683588
hindex,G2a,curve,237,2.4479992435217035,0.004991580953862462
hindex,G2a,curve,238,2.4583283542538625,0.0038276390210494177
hindex,G2a,curve,239,2.4686574649860216,0.0028830811943741197
hindex,G2a,median,-1,1.6720978579357175,
network,G2b,curve,0,0.0,3.1682865084524514
network,G2b,curve,1,0.014858232765215033,3.1182484134922364
network,G2b,curve,2,0.029716465530430065,2.9724122733198626
network,G2b,curve,3,0.0445746982956451,2.7445186030405546
network,G2b,curve,4,0.05943293106086013,2.4551130977565516
network,G2b,curve,5,0.07429116382607516,2.1286086129448516
network,G2b,curve,6,0.0891493965912902,1.790047518077826
network,G2b,curve,7,0.10400762935650523,1.462159170778959
network,G2b,curve,8,0.11886586212172026,1.1631720373694174
network,G2b,curve,9,0.1337240948869353,0.9056175816927123
network,G2b,curve,10,0.14858232765215032,0.6961242700250103
network,G2b,curve,11,0.16344056041736535,0.5360094165385836
network,G2b,curve,12,0.1782987931825804,0.4223733141307121
network,G2b,curve,13,0.19315702594779544,0.34939053722353547
network,G2b,curve,14,0.20801525871301046,0.3095556784987249
network,G2b,curve,15,0.2228734914782255,0.2947379780843191
network,G2b,curve,16,0.23773172424344052,0.29699387089861684
network,G2b,curve,17,0.25258995700865555,0.30915231203420024
network,G2b,curve,18,0.2674481897738706,0.32521541777537377
network,G2b,curve,19,0.2823064225390856,0.34061249727881293
network,G2b,curve,20,0.29716465530430064,0.35232451831466166
network,G2b,curve,21,0.31202288806951567,0.35887594641808973
network,G2b,curve,22,0.3268811208347307,0.36018451554679765
network,G2b,curve,23,0.3417393535999457,0.35727114974579116
network,G2b,curve,24,0.3565975863651608,0.3518575316588126
network,G2b,curve,25,0.37145581913037584,0.3459072716737741
network,G2b,curve,26,0.38631405189559087,0.3411862917878573
network,G2b,curve,27,0.4011722846608059,0.3389199218003722
network,G2b,curve,28,0.41603051742602093,0.33960549980302257
network,G2b,curve,29,0.43088875019123596,0.34300421667108627
network,G2b,curve,30,0.445746982956451,0.34829432560017193
network,G2b,curve,31,0.460605215721666,0.35433166625788737
network,G2b,curve,32,0.47546344848688105,0.3599430195790533
network,G2b,curve,33,0.4903216812520961,0.3641783719195293
network,G2b,curve,34,0.5051799140173111,0.3664683605445358
network,G2b,curve,35,0.5200381467825261,0.3666656449990727
network,G2b,curve,36,0.5348963795477412,0.3649829997027154
network,G2b,curve,37,0.5497546123129562,0.36186620259441693
network,G2b,curve,38,0.5646128450781712,0.35784974112969353
network,G2b,curve,39,0.5794710778433863,0.35343712389429155
network,G2b,curve,40,0.5943293106086013,0.34902979800321565
network,G2b,curve,41,0.6091875433738163,0.34490720926690843
network,G2b,curve,42,0.6240457761390313,0.34124333287073716
network,G2b,curve,43,0.6389040089042464,0.3381371559039647
network,G2b,curve,44,0.6537622416694614,0.3356369562340387
network,G2b,curve,45,0.6686204744346764,0.3337477621224628
network,G2b,curve,46,0.6834787071998915,0.3324229839586463
network,G2b,curve,47,0.6983369399651065,0.3315499840103115
network,G2b,curve,48,0.7131951727303216,0.33094238843406215
network,G2b,curve,49,0.7280534054955367,0.3303490238226096
network,G2b,curve,50,0.7429116382607517,0.3294824838746883
network,G2b,curve,51,0.7577698710259667,0.32806257804849404
network,G2b,curve,52,0.7726281037911817,0.3258641612795793
network,G2b,curve,53,0.7874863365563968,0.3227568576298784
network,G2b,curve,54,0.8023445693216118,0.31872627542095394
network,G2b,curve,55,0.8172028020868268,0.3138714765902979
network,G2b,curve,56,0.8320610348520419,0.30837991821263916
network,G2b,curve,57,0.8469192676172569,0.30248685226121
network,G2b,curve,58,0.8617775003824719,0.29642965184729014
network,G2b,curve,59,0.876635733147687,0.2904079086758283
network,G2b,curve,60,0.891493965912902,0.2845575424986252
network,G2b,curve,61,0.906352198678117,0.27894255215447095
network,G2b,curve,62,0.921210431443332,0.27356291086852375
network,G2b,curve,63,0.9360686642085471,0.26837300661667457
network,G2b,curve,64,0.9509268969737621,0.2633030736372548
network,G2b,curve,65,0.9657851297389771,0.2582766355819302
network,G2b,curve,66,0.9806433625041922,0.253219651365459
network,G2b,curve,67,0.9955015952694072,0.24806076313882194
network,G2b,curve,68,1.0103598280346222,0.24272549075486846
network,G2b,curve,69,1.0252180607998373,0.23712929454681117
network,G2b,curve,70,1.0400762935650523,0.23117457749042894
network,G2b,curve,71,1.0549345263302674,0.22475504084518652
network,G2b,curve,72,1.0697927590954823,0.217768046184823
network,G2b,curve,73,1.0846509918606975,0.2101327626417782
network,G2b,curve,74,1.0995092246259124,0.20180981224049677
network,G2b,curve,75,1.1143674573911275,0.19281742642180377
network,G2b,curve,76,1.1292256901563424,0.1832398599554715
network,G2b,curve,77,1.1440839229215576,0.17322560913914672
network,G2b,curve,78,1.1589421556867725,0.16297524656240422
network,G2b,curve,79,1.1738003884519876,0.15272080576435176
network,G2b,curve,80,1.1886586212172026,0.142700185355501
network,G2b,curve,81,1.2035168539824177,0.1331307890044881
network,G2b,curve,82,1.2183750867476326,0.12418657423140593
network,G2b,curve,83,1.2332333195128478,0.11598197030713235
network,G2b,curve,84,1.2480915522780627,0.10856491319187599
network,G2b,curve,85,1.2629497850432778,0.10191971914070762
network,G2b,curve,86,1.2778080178084927,0.09597888612795495
network,G2b,curve,87,1.2926662505737079,0.09064141582147547
network,G2b,curve,88,1.3075244833389228,0.08579415148151982
network,G2b,curve,89,1.322382716104138,0.08133216099907979
network,G2b,curve,90,1.3372409488693529,0.077174488098974
network,G2b,curve,91,1.352099181634568,0.07327261611917607
network,G2b,curve,92,1.366957414399783,0.0696105333100321
network,G2b,curve,93,1.381815647164998,0.06619702614397724
network,G2b,curve,94,1.396673879930213,0.06305238837831045
network,G2b,curve,95,1.411532112695428,0.06019280286362192
network,G2b,curve,96,1.4263903454606432,0.057616035083202066
network,G2b,curve,97,1.4412485782258582,0.055291723170112064
network,G2b,curve,98,1.4561068109910733,0.053158546289937665
network,G2b,curve,99,1.4709650437562882,0.051129097820010565
network,G2b,curve,100,1.4858232765215034,0.04910165385410998
network,G2b,curve,101,1.5006815092867183,0.04697652549747934
network,G2b,curve,102,1.5155397420519334,0.0446736280605355
network,G2b,curve,103,1.5303979748171483,0.042147543248231965
network,G2b,curve,104,1.5452562075823635,0.03939681258470136
network,G2b,curve,105,1.5601144403475784,0.03646541546181375
network,G2b,curve,106,1.5749726731127935,0.03343608819955854
network,G2b,curve,107,1.5898309058780085,0.03041691941700905
network,G2b,curve,108,1.6046891386432236,0.027524063924743054
network,G2b,curve,109,1.6195473714084385,0.024864103294735648
network,G2b,curve,110,1.6344056041736537,0.022519404963620735
network,G2b,curve,111,1.6492638369388686,0.020538898964186897
network,G2b,curve,112,1.6641220697040837,0.018935309488230318
network,G2b,curve,113,1.6789803024692986,0.017688445528284892
network,G2b,curve,114,1.6938385352345138,0.016753028720046453
network,G2b,curve,115,1.7086967679997287,0.016068933653081117
network,G2b,curve,116,1.7235550007649438,0.015571672377466192
network,G2b,curve,117,1.7384132335301588,0.01520135357564536
network,G2b,curve,118,1.753271466295374,0.014908989015283633
network,G2b,curve,119,1.7681296990605888,0.014659704789953628
network,G2b,curve,120,1.782987931825804,0.01443299791392312
network,G2b,curve,121,1.7978461645910189,0.014220592165929235
network,G2b,curve,122,1.812704397356234,0.01402268626623769
network,G2b,curve,123,1.827562630121449,0.013843480839074131
network,G2b,curve,124,1.842420862886664,0.013686849781041364
network,G2b,curve,125,1.857279095651879,0.013552906312279728
network,G2b,curve,126,1.8721373284170941,0.01343601350888279
network,G2b,curve,127,1.886995561182309,0.013324514935944944
network,G2b,curve,128,1.9018537939475242,0.01320213964336884
network,G2b,curve,129,1.9167120267127393,0.013050714015287864
network,G2b,curve,130,1.9315702594779542,0.0128535515712655
network,G2b,curve,131,1.9464284922431694,0.012598750246412464
network,G2b,curve,132,1.9612867250083843,0.012281644533236121
network,G2b,curve,133,1.9761449577735994,0.0119058423290996
network,G2b,curve,134,1.9910031905388144,0.011482588823381127
network,G2b,curve,135,2.0058614233040295,0.01102857404001135
network,G2b,curve,136,2.0207196560692444,0.010562650931208359
network,G2b,curve,137,2.0355778888344593,0.010102175551521287
network,G2b,curve,138,2.0504361215996747,0.009659763456348364
network,G2b,curve,139,2.0652943543648896,0.009241160343466084
network,G2b,curve,140,2.0801525871301045,0.008844676389996385
network,G2b,curve,141,2.0950108198953195,0.008462293622927318
network,G2b,curve,142,2.109869052660535,0.008082202293114587
network,G2b,curve,143,2.1247272854257497,0.007692231131769679
network,G2b,curve,144,2.1395855181909647,0.007283463415776428
network,G2b,curve,145,2.1544437509561796,0.006853302740505983
network,G2b,curve,146,2.169301983721395,0.006407365989071948
network,G2b,curve,147,2.18416021648661,0.005959808023712278
network,G2b,curve,148,2.1990184492518248,0.005531978129591828
network,G2b,curve,149,2.2138766820170397,0.005149618609782798
network,G2b,curve,150,2.228734914782255,0.004839086341902931
network,G2b,curve,151,2.24359314754747,0.004623259731413909
network,G2b,curve,152,2.258451380312685,0.00451785119823305
network,G2b,curve,153,2.2733096130779,0.0045287653733245385
network,G2b,curve,154,2.288167845843115,0.004650938812439806
network,G2b,curve,155,2.30302607860833,0.004868809074576163
network,G2b,curve,156,2.317884311373545,0.005158251260324877
network,G2b,curve,157,2.33274254413876,0.005489557680462447
network,G2b,curve,158,2.3476007769039753,0.005830879927548787
network,G2b,curve,159,2.36245900966919,0.0061515339351573845
network,G2b,curve,160,2.377317242434405,0.00642468260884556
network,G2b,curve,161,2.3921754751996205,0.006629116830171793
network,G2b,curve,162,2.4070337079648354,0.006750090759028625
network,G2b,curve,163,2.4218919407300503,0.006779365347645354
network,G2b,curve,164,2.4367501734952652,0.00671472669840039
network,G2b,curve,165,2.4516084062604806,0.006559256860059031
network,G2b,curve,166,2.4664666390256955,0.006320561068871744
network,G2b,curve,167,2.4813248717909104,0.006010038503139107
network,G2b,curve,168,2.4961831045561254,0.005642171711382327
network,G2b,curve,169,2.5110413373213407,0.005233741658445322
network,G2b,curve,170,2.5258995700865556,0.004802868952725425
network,G2b,curve,171,2.5407578028517706,0.004367832868343686
network,G2b,curve,172,2.5556160356169855,0.003945706721124271
network,G2b,curve,173,2.570474268382201,0.0035509413162886755
network,G2b,curve,174,2.5853325011474158,0.003194098431610447
network,G2b,curve,175,2.6001907339126307,0.002880961398499285
network,G2b,curve,176,2.6150489666778456,0.0026122183908086054
network,G2b,curve,177,2.629907199443061,0.00238382774531115
network,G2b,curve,178,2.644765432208276,0.002188049131099744
network,G2b,curve,179,2.659623664973491,0.002014987430551797
network,G2b,curve,180,2.6744818977387057,0.0018543822788931132
network,G2b,curve,181,2.689340130503921,0.001697317466305862
network,G2b,curve,182,2.704198363269136,0.0015375402380230585
network,G2b,curve,183,2.719056596034351,0.0013721698882269364
network,G2b,curve,184,2.733914828799566,0.0012017151317363784
network,G2b,curve,185,2.748773061564781,0.0010294724908760974
network,G2b,curve,186,2.763631294329996,0.0008605023106087893
network,G2b,curve,187,2.778489527095211,0.0007004443615718175
network,G2b,curve,188,2.793347759860426,0.0005544302847029843
network,G2b,curve,189,2.8082059926256413,0.0004262857335314098
network,G2b,curve,190,2.823064225390856,0.00031811694448795975
network,G2b,curve,191,2.837922458156071,0.0002302758432673343
network,G2b,curve,192,2.8527806909212865,0.00016162069655257619
network,G2b,curve,193,2.8676389236865014,0.0001099497128269296
network,G2b,curve,194,2.8824971564517163,7.24833126271323e-05
network,G2b,curve,195,2.8973553892169313,4.629712208729584e-05
network,G2b,curve,196,2.9122136219821466,2.864751480879332e-05
network,G2b,curve,197,2.9270718547473615,1.7171030293904675e-05
network,G2b,curve,198,2.9419300875125765,9.969015827102174e-06
network,G2b,curve,199,2.9567883202777914,5.605736313590384e-06
network,G2b,curve,200,2.9716465530430067,3.0529611610462305e-06
network,G2b,curve,201,2.9865047858082217,1.6103001481922324e-06
network,G2b,curve,202,3.0013630185734366,8.225934805801473e-07
network,G2b,curve,203,3.0162212513386515,4.0698616980630236e-07
network,G2b,curve,204,3.031079484103867,1.9510350604512195e-07
network,G2b,curve,205,3.0459377168690818,9.085001156284095e-08
network,G2b,curve,206,3.0607959496342967,4.1708904336185506e-08
network,G2b,curve,207,3.0756541823995116,2.048702763301062e-08
network,G2b,curve,208,3.090512415164727,1.4598857707161968e-08
network,G2b,curve,209,3.105370647929942,2.0700947941570772e-08
network,G2b,curve,210,3.120228880695157,4.346670060337344e-08
network,G2b,curve,211,3.1350871134603717,9.841873277155402e-08
network,G2b,curve,212,3.149945346225587,2.2004258963652718e-07
network,G2b,curve,213,3.164803578990802,4.779846668835552e-07
network,G2b,curve,214,3.179661811756017,1.0060437061859594e-06
network,G2b,curve,215,3.194520044521232,2.05078207830057e-06
network,G2b,curve,216,3.209378277286447,4.048457621535674e-06
network,G2b,curve,217,3.224236510051662,7.739657741122059e-06
network,G2b,curve,218,3.239094742816877,1.4328974384200792e-05
network,G2b,curve,219,3.253952975582092,2.569031933987427e-05
network,G2b,curve,220,3.2688112083473073,4.460514148247048e-05
network,G2b,curve,221,3.2836694411125222,7.500001630936303e-05
network,G2b,curve,222,3.298527673877737,0.00012212337891047444
network,G2b,curve,223,3.313385906642952,0.00019257383676472378
network,G2b,curve,224,3.3282441394081674,0.0002940740968143666
network,G2b,curve,225,3.3431023721733824,0.0004348878533956751
network,G2b,curve,226,3.3579606049385973,0.0006228146234101488
network,G2b,curve,227,3.3728188377038126,0.0008637764148813568
network,G2b,curve,228,3.3876770704690276,0.0011601253039588565
network,G2b,curve,229,3.4025353032342425,0.001508931325550492
network,G2b,curve,230,3.4173935359994574,0.0019006190026338524
network,G2b,curve,231,3.4322517687646728,0.002318364280099278
network,G2b,curve,232,3.4471100015298877,0.002738604414622179
network,G2b,curve,233,3.4619682342951026,0.003132838074308258
network,G2b,curve,234,3.4768264670603175,0.0034706243535818568
network,G2b,curve,235,3.491684699825533,0.0037233879498533443
network,G2b,curve,236,3.506542932590748,0.003868387623651162
network,G2b,curve,237,3.5214011653559627,0.003892088426857664
network,G2b,curve,238,3.5362593981211776,0.003792245368434798
network,G2b,curve,239,3.551117630886393,0.0035782541015709755
network,G2b,median,-1,0.0,
hindex,G2b,curve,0,0.0,0.10395772024918094
hindex,G2b,curve,1,0.009993894819308803,0.10389165595830306
hindex,G2b,curve,2,0.019987789638617606,0.10291166622828338
hindex,G2b,curve,3,0.029981684457926407,0.10110465885493429
hindex,G2b,curve,4,0.03997557927723521,0.09859393150392098
hindex,G2b,curve,5,0.049969474096544016,0.09553499861572158
hindex,G2b,curve,6,0.05996336891585281,0.09210982169703683
hindex,G2b,curve,7,0.06995726373516162,0.08851972854544406
hindex,G2b,curve,8,0.07995115855447042,0.08497736441134163
hindex,G2b,curve,9,0.08994505337377923,0.08169805041365187
hindex,G2b,curve,10,0.09993894819308803,0.0788909334631947
hindex,G2b,curve,11,0.10993284301239684,0.0767503015975547
hindex,G2b,curve,12,0.11992673783170563,0.07544741440969394
hindex,G2b,curve,13,0.12992063265101444,0.07512316575136137
hindex,G2b,curve,14,0.13991452747032324,0.07588185976835052
hindex,G2b,curve,15,0.14990842228963205,0.07778634443244382
hindex,G2b,curve,16,0.15990231710894084,0.08085470966528886
hindex,G2b,curve,17,0.16989621192824964,0.08505871826485517
hindex,G2b,curve,18,0.17989010674755845,0.09032409381722611
hindex,G2b,curve,19,0.18988400156686724,0.09653273653951724
hindex,G2b,curve,20,0.19987789638617606,0.10352687195425782
hindex,G2b,curve,21,0.20987179120548485,0.1111150565434076
hindex,G2b,curve,22,0.21986568602479367,0.11907986990486852
hindex,G2b,curve,23,0.22985958084410246,0.12718701861254442
hindex,G2b,curve,24,0.23985347566341125,0.13519547052402286
hindex,G2b,curve,25,0.24984737048272007,0.1428681400410463
hindex,G2b,curve,26,0.2598412653020289,0.14998256677098143
hindex,G2b,curve,27,0.2698351601213377,0.15634098411403285
hindex,G2b,curve,28,0.27982905494064647,0.16177917061780758
hindex,G2b,curve,29,0.28982294975995526,0.16617352200238433
hindex,G2b,curve,30,0.2998168445792641,0.16944587707241587
hindex,G2b,curve,31,0.3098107393985729,0.17156577202330683
hindex,G2b,curve,32,0.3198046342178817,0.17254997485084478
hindex,G2b,curve,33,0.3297985290371905,0.1724593496483466
hindex,G2b,curve,34,0.33979242385649927,0.1713933010750547
hindex,G2b,curve,35,0.3497863186758081,0.16948223247307034
hindex,G2b,curve,36,0.3597802134951169,0.16687859837718913
hindex,G2b,curve,37,0.3697741083144257,0.16374722832725658
hindex,G2b,curve,38,0.3797680031337345,0.1602556341649432
hindex,G2b,curve,39,0.38976189795304333,0.15656498423676907
hindex,G2b,curve,40,0.3997557927723521,0.15282233905633497
hindex,G2b,curve,41,0.4097496875916609,0.14915460448374893
hindex,G2b,curve,42,0.4197435824109697,0.14566448605472263
hindex,G2b,curve,43,0.4297374772302785,0.14242854064891408
hindex,G2b,curve,44,0.43973137204958734,0.13949723899695102
hindex,G2b,curve,45,0.44972526686889613,0.1368967928170939
hindex,G2b,curve,46,0.4597191616882049,0.13463237822609594
hindex,G2b,curve,47,0.4697130565075137,0.132692311871247
hindex,G2b,curve,48,0.4797069513268225,0.13105271137859884
hindex,G2b,curve,49,0.48970084614613135,0.12968219463310363
hindex,G2b,curve,50,0.49969474096544014,0.128546235346976
hindex,G2b,curve,51,0.509688635784749,0.12761088380076002
hindex,G2b,curve,52,0.5196825306040578,0.12684566802650796
hindex,G2b,curve,53,0.5296764254233666,0.12622559839836195
hindex,G2b,curve,54,0.5396703202426754,0.12573229556505067
hindex,G2b,curve,55,0.5496642150619842,0.12535433880325697
hindex,G2b,curve,56,0.5596581098812929,0.1250869838274494
hindex,G2b,curve,57,0.5696520047006017,0.1249314244287131
hindex,G2b,curve,58,0.5796458995199105,0.12489377316736945
hindex,G2b,curve,59,0.5896397943392193,0.12498391760089264
hindex,G2b,curve,60,0.5996336891585282,0.1252143767446731
hindex,G2b,curve,61,0.609627583977837,0.12559924468564937
hindex,G2b,curve,62,0.6196214787971458,0.1261532709660313
hindex,G2b,curve,63,0.6296153736164546,0.12689109558888154
hindex,G2b,curve,64,0.6396092684357634,0.12782663343955927
hindex,G2b,curve,65,0.6496031632550722,0.12897258971773032
hindex,G2b,curve,66,0.659597058074381,0.13034008396828997
hindex,G2b,curve,67,0.6695909528936898,0.13193836345139995
hindex,G2b,curve,68,0.6795848477129985,0.13377459408435438
hindex,G2b,curve,69,0.6895787425323074,0.13585372602706608
hindex,G2b,curve,70,0.6995726373516162,0.13817843853011647
hindex,G2b,curve,71,0.709566532170925,0.14074917301631223
hindex,G2b,curve,72,0.7195604269902338,0.14356426355455484
hindex,G2b,curve,73,0.7295543218095426,0.1466201698860323
hindex,G2b,curve,74,0.7395482166288514,0.1499118107623487
hindex,G2b,curve,75,0.7495421114481602,0.1534329859027366
hindex,G2b,curve,76,0.759536006267469,0.15717686499572953
hindex,G2b,curve,77,0.7695299010867778,0.16113651347388966
hindex,G2b,curve,78,0.7795237959060867,0.16530541864754034
hindex,G2b,curve,79,0.7895176907253955,0.16967797715758956
hindex,G2b,curve,80,0.7995115855447043,0.17424990607346552
hindex,G2b,curve,81,0.809505480364013,0.17901854530134195
hindex,G2b,curve,82,0.8194993751833218,0.1839830278196042
hindex,G2b,curve,83,0.8294932700026306,0.189144305810643
hindex,G2b,curve,84,0.8394871648219394,0.1945050339522703
hindex,G2b,curve,85,0.8494810596412482,0.2000693247728814
hindex,G2b,curve,86,0.859474954460557,0.2058424038260734
hindex,G2b,curve,87,0.8694688492798659,0.21183020331394234
hindex,G2b,curve,88,0.8794627440991747,0.21803894061403992
hindex,G2b,curve,89,0.8894566389184835,0.22447473206008503
hindex,G2b,curve,90,0.8994505337377923,0.2311432916563355
hindex,G2b,curve,91,0.9094444285571011,0.23804975884475393
hindex,G2b,curve,92,0.9194383233764098,0.2451986890331507
hindex,G2b,curve,93,0.9294322181957186,0.25259422578376595
hindex,G2b,curve,94,0.9394261130150274,0.2602404552458585
hindex,G2b,curve,95,0.9494200078343362,0.2681419229155476
hindex,G2b,curve,96,0.959413902653645,0.2763042718279738
hindex,G2b,curve,97,0.9694077974729539,0.28473494182046916
hindex,G2b,curve,98,0.9794016922922627,0.2934438536733873
hindex,G2b,curve,99,0.9893955871115715,0.30244399179359055
hindex,G2b,curve,100,0.9993894819308803,0.3117517964178644
hindex,G2b,curve,101,1.0093833767501892,0.3213872823134924
hindex,G2b,curve,102,1.019377271569498,0.3313738161338429
hindex,G2b,curve,103,1.0293711663888068,0.341737508539444
hindex,G2b,curve,104,1.0393650612081156,0.3525062085326061
hindex,G2b,curve,105,1.0493589560274243,0.36370812384043
hindex,G2b,curve,106,1.0593528508467331,0.37537012947661297
hindex,G2b,curve,107,1.069346745666042,0.38751586313044967
hindex,G2b,curve,108,1.0793406404853507,0.40016373689423684
hindex,G2b,curve,109,1.0893345353046595,0.4133250163916396
hindex,G2b,curve,110,1.0993284301239683,0.4270021276067795
hindex,G2b,curve,111,1.109322324943277,0.4411873466805269
hindex,G2b,curve,112,1.1193162197625859,0.455862008031949
hindex,G2b,curve,113,1.1293101145818947,0.4709963322963319
hindex,G2b,curve,114,1.1393040094012035,0.48654993019022086
hindex,G2b,curve,115,1.1492979042205123,0.5024729853121955
hindex,G2b,curve,116,1.159291799039821,0.5187080628646974
hindex,G2b,curve,117,1.1692856938591298,0.5351924376591872
hindex,G2b,curve,118,1.1792795886784386,0.5518607888177056
hindex,G2b,curve,119,1.1892734834977476,0.5686480749481956
hindex,G2b,curve,120,1.1992673783170564,0.5854923857150803
hindex,G2b,curve,121,1.2092612731363652,0.6023375655302856
hindex,G2b,curve,122,1.219255167955674,0.6191354226105411
hindex,G2b,curve,123,1.2292490627749828,0.6358473700937556
hindex,G2b,curve,124,1.2392429575942916,0.6524453918425465
hindex,G2b,curve,125,1.2492368524136004,0.6689122793008189
hindex,G2b,curve,126,1.2592307472329092,0.685241141926889
hindex,G2b,curve,127,1.269224642052218,0.7014342468647268
hindex,G2b,curve,128,1.2792185368715268,0.717501288770272
hindex,G2b,curve,129,1.2892124316908355,0.7334572243523597
hindex,G2b,curve,130,1.2992063265101443,0.7493198260150999
hindex,G2b,curve,131,1.3092002213294531,0.765107114512892
hindex,G2b,curve,132,1.319194116148762,0.7808348229317508
hindex,G2b,curve,133,1.3291880109680707,0.7965140261701533
hindex,G2b,curve,134,1.3391819057873795,0.8121490449364033
hindex,G2b,curve,135,1.3491758006066883,0.8277357050190898
hindex,G2b,curve,136,1.359169695425997,0.8432600049275013
hindex,G2b,curve,137,1.3691635902453059,0.8586972209099457
hindex,G2b,curve,138,1.3791574850646149,0.874011459686644
hindex,G2b,curve,139,1.3891513798839237,0.8891556565123162
hindex,G2b,curve,140,1.3991452747032325,0.9040720086656886
hindex,G2b,curve,141,1.4091391695225413,0.9186928303680512
hindex,G2b,curve,142,1.41913306434185,0.9329418120674925
hindex,G2b,curve,143,1.4291269591611588,0.9467356624975511
hindex,G2b,curve,144,1.4391208539804676,0.9599861038699805
hindex,G2b,curve,145,1.4491147487997764,0.972602177812983
hindex,G2b,curve,146,1.4591086436190852,0.9844928022227956
hindex,G2b,curve,147,1.469102538438394,0.99556949832662
hindex,G2b,curve,148,1.4790964332577028,1.005749185365734
hindex,G2b,curve,149,1.4890903280770116,1.0149569205940425
hindex,G2b,curve,150,1.4990842228963204,1.0231284482456493
hindex,G2b,curve,151,1.5090781177156292,1.0302124159759118
hindex,G2b,curve,152,1.519072012534938,1.0361721234226589
hindex,G2b,curve,153,1.5290659073542467,1.0409866860858328
hindex,G2b,curve,154,1.5390598021735555,1.0446515282611937
hindex,G2b,curve,155,1.5490536969928643,1.047178159265452
hindex,G2b,curve,156,1.5590475918121733,1.048593234225325
hindex,G2b,curve,157,1.5690414866314821,1.0489369498292227
hindex,G2b,curve,158,1.579035381450791,1.0482608717439708
hindex,G2b,curve,159,1.5890292762700997,1.0466253291252874
hindex,G2b,curve,160,1.5990231710894085,1.0440965388076404
hindex,G2b,curve,161,1.6090170659087173,1.040743634629404
hindex,G2b,curve,162,1.619010960728026,1.0366357748349164
hindex,G2b,curve,163,1.6290048555473349,1.0318394832482112
hindex,G2b,curve,164,1.6389987503666437,1.026416350241852
hindex,G2b,curve,165,1.6489926451859525,1.0204211810887103
hindex,G2b,curve,166,1.6589865400052612,1.0139006366226548
hindex,G2b,curve,167,1.66898043482457,1.0068923690932943
hindex,G2b,curve,168,1.6789743296438788,0.9994246192274838
hindex,G2b,curve,169,1.6889682244631876,0.9915162125077601
hindex,G2b,curve,170,1.6989621192824964,0.9831768759614076
hindex,G2b,curve,171,1.7089560141018052,0.9744077921959224
hindex,G2b,curve,172,1.718949908921114,0.9652023142785893
hindex,G2b,curve,173,1.7289438037404228,0.9555467811443482
hindex,G2b,curve,174,1.7389376985597318,0.9454213951964121
hindex,G2b,curve,175,1.7489315933790406,0.9348011476585022
hindex,G2b,curve,176,1.7589254881983494,0.9236567989602527
hindex,G2b,curve,177,1.7689193830176582,0.9119559373655434
hindex,G2b,curve,178,1.778913277836967,0.8996641465168167
hindex,G2b,curve,179,1.7889071726562757,0.8867463102075426
hindex,G2b,curve,180,1.7989010674755845,0.8731680706442043
hindex,G2b,curve,181,1.8088949622948933,0.8588974363098812
hindex,G2b,curve,182,1.8188888571142021,0.8439065101207999
hindex,G2b,curve,183,1.828882751933511,0.8281732815285903
hindex,G2b,curve,184,1.8388766467528197,0.8116834015395766
hindex,G2b,curve,185,1.8488705415721285,0.7944318410406055
hindex,G2b,curve,186,1.8588644363914373,0.7764243233319268
hindex,G2b,curve,187,1.868858331210746,0.7576784232212315
hindex,G2b,curve,188,1.8788522260300549,0.7382242378885723
hindex,G2b,curve,189,1.8888461208493637,0.7181045580245283
hindex,G2b,curve,190,1.8988400156686724,0.697374499230876
hindex,G2b,curve,191,1.9088339104879812,0.6761005901548447
hindex,G2b,curve,192,1.91882780530729,0.6543593515829598
hindex,G2b,curve,193,1.928821700126599,0.6322354359823219
hindex,G2b,curve,194,1.9388155949459078,0.609819426402882
hindex,G2b,curve,195,1.9488094897652166,0.5872054146918775
hindex,G2b,curve,196,1.9588033845845254,0.5644884901155529
hindex,G2b,curve,197,1.9687972794038342,0.5417622703600811
hindex,G2b,curve,198,1.978791174223143,0.5191165981935232
hindex,G2b,curve,199,1.9887850690424518,0.4966355103939027
hindex,G2b,curve,200,1.9987789638617606,0.4743955630592864
hindex,G2b,curve,201,2.0087728586810694,0.45246457155726816
hindex,G2b,curve,202,2.0187667535003784,0.430900796535371
hindex,G2b,curve,203,2.028760648319687,0.4097525816743722
hindex,G2b,curve,204,2.038754543138996,0.3890584258007371
hindex,G2b,curve,205,2.0487484379583045,0.3688474525750911
hindex,G2b,curve,206,2.0587423327776135,0.34914022567136666
hindex,G2b,curve,207,2.068736227596922,0.3299498461189399
hindex,G2b,curve,208,2.078730122416231,0.31128326094529424
hindex,G2b,curve,209,2.0887240172355397,0.29314270793860414
hindex,G2b,curve,210,2.0987179120548487,0.2755272197739631
hindex,G2b,curve,211,2.1087118068741573,0.25843411157956636
hindex,G2b,curve,212,2.1187057016934663,0.24186037912100017
hindex,G2b,curve,213,2.128699596512775,0.22580394020319938
hindex,G2b,curve,214,2.138693491332084,0.21026465979866976
hindex,G2b,curve,215,2.1486873861513924,0.1952451099823191
hindex,G2b,curve,216,2.1586812809707014,0.18075102903706358
hindex,G2b,curve,217,2.16867517579001,0.1667914598935174
hindex,G2b,curve,218,2.178669070609319,0.15337856585336793
hindex,G2b,curve,219,2.1886629654286276,0.1405271404335455
hindex,G2b,curve,220,2.1986568602479366,0.12825384695104655
hindex,G2b,curve,221,2.2086507550672456,0.11657624072684156
hindex,G2b,curve,222,2.218644649886554,0.10551164104305473
hindex,G2b,curve,223,2.228638544705863,0.09507592988907906
hindex,G2b,curve,224,2.2386324395251718,0.08528235903755291
hindex,G2b,curve,225,2.248626334344481,0.07614044552344157
hindex,G2b,curve,226,2.2586202291637894,0.0676550281457896
hindex,G2b,curve,227,2.2686141239830984,0.05982554475053685
hindex,G2b,curve,228,2.278608018802407,0.05264557290491635
hindex,G2b,curve,229,2.288601913621716,0.04610265668200049
hindex,G2b,curve,230,2.2985958084410245,0.04017842142927009
hindex,G2b,curve,231,2.3085897032603335,0.034848958435050426
hindex,G2b,curve,232,2.318583598079642,0.030085444012035948
hindex,G2b,curve,233,2.328577492898951,0.025854944035732776
hindex,G2b,curve,234,2.3385713877182597,0.022121346294622257
hindex,G2b,curve,235,2.3485652825375687,0.018846359489357794
hindex,G2b,curve,236,2.3585591773568773,0.01599051919681732
hindex,G2b,curve,237,2.3685530721761863,0.013514146965487077
hindex,G2b,curve,238,2.3785469669954953,0.01137821795359102
hindex,G2b,curve,239,2.388540861814804,0.009545103970513162
hindex,G2b,median,-1,1.505149978319906,
