family,gap,horizon,model,term,coefficient,std_error,statistic,p_value,ci_low,ci_high,exp_coefficient,nobs
conventional,1,L5,OLS-HC1,topic_continuity,-0.4237933445597254,0.06790466924626154,-6.241004473827949,4.347698113984415e-10,-0.5568840506645026,-0.29070263845494815,,58501
conventional,1,L5,OLS-HC1,network_consistency,0.7208980806056436,0.0642653161245937,11.217529517913055,3.3448417907429e-29,0.5949403755463588,0.8468557856649285,,58501
conventional,1,L5,OLS-HC1,direct_percent,-0.25014823547574905,0.09396096435714997,-2.6622570041418907,0.007761858958262664,-0.4343083415684147,-0.0659881293830834,,58501
conventional,1,L5,OLS-HC1,log_PeerCount,-0.11159896412649706,0.010821667837428967,-10.312547548401833,6.18399516740412e-25,-0.1328090433405133,-0.09038888491248083,,58501
conventional,1,L5,OLS-HC1,h_index,0.0027171173895890054,0.0008846536497781424,3.0713911486946524,0.002130638344101754,0.0009832280972319359,0.004451006681946075,,58501
conventional,1,L5,OLS-HC1,AvgTopPubPerYear_Mentored,1.0565775995900615,0.06864615572025495,15.391649954817561,1.8622245431828192e-53,0.9220336067012336,1.1911215924788894,,58501
conventional,1,L5,OLS-HC1,AvgPaperPerYear_Mentored,0.07423434586789787,0.026484966142598283,2.8028861909134077,0.005064753840875473,0.022324766096642516,0.12614392563915322,,58501
conventional,1,L5,OLS-HC1,NetworkSize_Mentored,8.839908670165785e-05,0.0001365590059979392,0.6473325289361865,0.5174167530278495,-0.00017925164681889218,0.0003560498202222079,,58501
conventional,1,L5,OLS-cluster-mentee,topic_continuity,-0.4237933445597254,0.08026248649735582,-5.280092395015534,1.291187589260829e-07,-0.5811049274041752,-0.2664817617152756,,58501
conventional,1,L5,OLS-cluster-mentee,network_consistency,0.7208980806056436,0.0806387312296249,8.939848998278901,3.897025110077817e-19,0.5628490716365735,0.8789470895747138,,58501
conventional,1,L5,OLS-cluster-mentee,direct_percent,-0.25014823547574905,0.11884880618765423,-2.104760186490909,0.03531218844553721,-0.48308761520913246,-0.017208855742365636,,58501
conventional,1,L5,OLS-cluster-mentee,log_PeerCount,-0.11159896412649706,0.011753431444074423,-9.4950112788347,2.2018754171254425e-21,-0.13463526645164353,-0.08856266180135058,,58501
conventional,1,L5,OLS-cluster-mentee,h_index,0.0027171173895890054,0.0010782664162993845,2.5198942937629134,0.011739008167359644,0.0006037540479031391,0.004830480731274872,,58501
conventional,1,L5,OLS-cluster-mentee,AvgTopPubPerYear_Mentored,1.0565775995900615,0.07384332102132785,14.308370546943504,1.940058473583689e-46,0.9118473498894294,1.2013078492906935,,58501
conventional,1,L5,OLS-cluster-mentee,AvgPaperPerYear_Mentored,0.07423434586789787,0.03493755203010835,2.12477238828652,0.03360560986042495,0.0057580021808912585,0.14271068955490449,,58501
conventional,1,L5,OLS-cluster-mentee,NetworkSize_Mentored,8.839908670165785e-05,0.00015258630094954425,0.5793382902105269,0.5623609339445769,-0.00021066456769363874,0.00038746274109695446,,58501
conventional,1,L5,OLS-two-way-cluster,topic_continuity,-0.4237933445597254,0.08085650704778569,-5.241301659361394,1.5944780256336636e-07,-0.5822720983733853,-0.26531459074606545,,58501
conventional,1,L5,OLS-two-way-cluster,network_consistency,0.7208980806056436,0.08088161209612592,8.913003362851782,4.966847557843861e-19,0.5623701208972368,0.8794260403140505,,58501
conventional,1,L5,OLS-two-way-cluster,direct_percent,-0.25014823547574905,0.11918259413726728,-2.0988655036963157,0.035828758534804064,-0.4837461199847929,-0.01655035096670518,,58501
conventional,1,L5,OLS-two-way-cluster,log_PeerCount,-0.11159896412649706,0.01375979092672583,-8.110513068170016,5.040646631686917e-16,-0.1385681543428797,-0.08462977391011443,,58501
conventional,1,L5,OLS-two-way-cluster,h_index,0.0027171173895890054,0.0010935402628780907,2.484698078183074,0.012966135152199338,0.0005737784743479477,0.004860456304830063,,58501
conventional,1,L5,OLS-two-way-cluster,AvgTopPubPerYear_Mentored,1.0565775995900615,0.07404560898570114,14.269280975109488,3.400667398555401e-46,0.9114482059780873,1.2017069932020357,,58501
conventional,1,L5,OLS-two-way-cluster,AvgPaperPerYear_Mentored,0.07423434586789787,0.03494163255789787,2.124524254695096,0.03362633009394478,0.005748746054418052,0.1427199456813777,,58501
conventional,1,L5,OLS-two-way-cluster,NetworkSize_Mentored,8.839908670165785e-05,0.00015280537609280935,0.5785077002000697,0.5629214001882298,-0.00021109945044024843,0.00038789762384356416,,58501
conventional,1,L5,PPML-cluster-mentee,topic_continuity,0.13811164835783385,0.03454196401173725,3.998372770896986,6.377944889253275e-05,0.07041064293955016,0.20581265377611754,1.1481037270144283,58501
conventional,1,L5,PPML-cluster-mentee,network_consistency,0.563959164250528,0.017483658825388788,32.25635834483215,2.865116549661599e-228,0.5296918226347801,0.5982265058662758,1.7576174392789137,58501
conventional,1,L5,PPML-cluster-mentee,direct_percent,-0.6347950863125758,0.01979558710875928,-32.06750488505024,1.2518300037500624e-225,-0.6735937240985693,-0.5959964485265822,0.5300440904792313,58501
conventional,1,L5,PPML-cluster-mentee,log_PeerCount,-0.048513534016678635,0.007960170437948543,-6.094534582500888,1.0975630451923283e-09,-0.06411518138585821,-0.03291188664749906,0.9526444461127642,58501
conventional,1,L5,PPML-cluster-mentee,h_index,0.00522612756117937,0.00018138613195977645,28.812167196653697,1.5101477745420376e-182,0.004870617275243179,0.005581637847115561,1.0052398075866258,58501
conventional,1,L5,PPML-cluster-mentee,AvgTopPubPerYear_Mentored,0.1112711535526761,0.014348356833002994,7.754975349981448,8.836063817459565e-15,0.08314889092266103,0.13939341618269116,1.117697933534718,58501
conventional,1,L5,PPML-cluster-mentee,AvgPaperPerYear_Mentored,-0.03406652010367141,0.0055377332463539914,-6.151708395506517,7.665271915237063e-10,-0.04492027782251531,-0.023212762384827508,0.9665072103392678,58501
conventional,1,L5,PPML-cluster-mentee,NetworkSize_Mentored,-7.938691357897437e-06,6.814165084915655e-06,-1.1650277413253631,0.24400776379942202,-2.1294209509042442e-05,5.416826793247566e-06,0.9999920613401534,58501
conventional,1,L5,LPM-any-cluster-mentee,topic_continuity,0.03981711761738903,0.009730273206475588,4.0920862932081254,4.2750949478727136e-05,0.020746132572961807,0.05888810266181625,,58501
conventional,1,L5,LPM-any-cluster-mentee,network_consistency,0.060017178897032966,0.0035699022327171414,16.81199511487809,1.9934757825450953e-63,0.053020299092578244,0.06701405870148769,,58501
conventional,1,L5,LPM-any-cluster-mentee,direct_percent,0.009907791724817018,0.0038993925987582455,2.5408551393291705,0.01105817252740084,0.0022651226696688113,0.017550460779965225,,58501
conventional,1,L5,LPM-any-cluster-mentee,log_PeerCount,-0.004491462826771142,0.0010947080084271275,-4.102886607383516,4.080272529145857e-05,-0.006637051096875882,-0.002345874556666402,,58501
conventional,1,L5,LPM-any-cluster-mentee,h_index,0.00041578019856238624,3.137763995761645e-05,13.250843566437885,4.461598847806746e-40,0.0003542811543255931,0.00047727924279917936,,58501
conventional,1,L5,LPM-any-cluster-mentee,AvgTopPubPerYear_Mentored,0.016204665341651707,0.0016046621673325295,10.098490306273707,5.609913639979337e-24,0.013059585286325963,0.019349745396977452,,58501
conventional,1,L5,LPM-any-cluster-mentee,AvgPaperPerYear_Mentored,-0.0020190407122865077,0.000678792389536758,-2.974459854602086,0.0029350485828838657,-0.003349449348758436,-0.000688632075814579,,58501
conventional,1,L5,LPM-any-cluster-mentee,NetworkSize_Mentored,-9.743917671294026e-06,1.6686806898596086e-06,-5.839294318263977,5.2422390309049905e-09,-1.301447172511631e-05,-6.473363617471742e-06,,58501
conventional,1,L5,Gamma-positive-cluster-mentee,topic_continuity,-0.3065145627671638,0.03235861653017027,-9.472424832544315,2.7342148424381792e-21,-0.36993628575584003,-0.24309283977848764,0.7360077997910964,55221
conventional,1,L5,Gamma-positive-cluster-mentee,network_consistency,0.4255114072725887,0.014473555140656876,29.39923212627337,5.617177395391388e-190,0.39714376046864663,0.45387905407653073,1.530372863384728,55221
conventional,1,L5,Gamma-positive-cluster-mentee,direct_percent,-0.2805149904434269,0.013114897511613368,-21.38903412665087,1.6902225708738038e-101,-0.3062197172271231,-0.25481026365973075,0.7553946202570277,55221
conventional,1,L5,Gamma-positive-cluster-mentee,log_PeerCount,-0.06591057873322702,0.004228667651487017,-15.586606507146398,8.977764308379122e-55,-0.07419861503273115,-0.05762254243372289,0.9362145780422081,55221
conventional,1,L5,Gamma-positive-cluster-mentee,h_index,0.0026756581944583006,0.00011463399245076904,23.340879413297888,1.705844693730324e-120,0.002450979697850757,0.002900336691065844,1.0026792409625533,55221
conventional,1,L5,Gamma-positive-cluster-mentee,AvgTopPubPerYear_Mentored,0.2612207513326034,0.008033782767824075,32.51528686820023,6.484120500954883e-232,0.24547482644804972,0.2769666762171571,1.298514282555249,55221
conventional,1,L5,Gamma-positive-cluster-mentee,AvgPaperPerYear_Mentored,0.022753728436329872,0.003698613593010419,6.151961502366591,7.653045735306048e-10,0.015504579001299167,0.030002877871360578,1.0230145691243204,55221
conventional,1,L5,Gamma-positive-cluster-mentee,NetworkSize_Mentored,-9.046634136975162e-06,2.7113166934614643e-05,-0.33366202328159494,0.7386346098107881,-6.218746483564212e-05,4.40941965616918e-05,0.9999909534067837,55221
conventional,1,L10,OLS-HC1,topic_continuity,-2.2260145292330424,0.12664631010031283,-17.576623649515582,3.720840837924703e-69,-2.474236735804547,-1.977792322661538,,46394
conventional,1,L10,OLS-HC1,network_consistency,0.8329285940001987,0.07397726245860062,11.25925137424928,2.085225547787985e-29,0.6879358239064745,0.9779213640939229,,46394
conventional,1,L10,OLS-HC1,direct_percent,-0.35025735361975524,0.08921161529314439,-3.926140698930617,8.631967534347008e-05,-0.525108906596961,-0.17540580064254954,,46394
conventional,1,L10,OLS-HC1,log_PeerCount,-0.16597798292732704,0.014124753654366133,-11.750858598232702,6.990492686328359e-32,-0.19366199138038517,-0.13829397447426892,,46394
conventional,1,L10,OLS-HC1,h_index,0.005513947033975117,0.0007862843566209736,7.012662769574979,2.3382458041827568e-12,0.003972858013390761,0.007055036054559473,,46394
conventional,1,L10,OLS-HC1,AvgTopPubPerYear_Mentored,1.0529596678547146,0.05902653660648402,17.838750643198804,3.5351182317509367e-71,0.9372697819738709,1.1686495537355583,,46394
conventional,1,L10,OLS-HC1,AvgPaperPerYear_Mentored,0.1090050775689787,0.0408730108953302,2.6669206691947593,0.007654973876913634,0.028895448274418284,0.18911470686353912,,46394
conventional,1,L10,OLS-HC1,NetworkSize_Mentored,0.0004308138589615675,0.0003782859886222105,1.1388575625829376,0.25476256832205535,-0.00031061305459409373,0.0011722407725172287,,46394
conventional,1,L10,OLS-cluster-mentee,topic_continuity,-2.2260145292330424,0.13674550681076997,-16.278520451230822,1.4021823597045498e-59,-2.4940307976298284,-1.9579982608362565,,46394
conventional,1,L10,OLS-cluster-mentee,network_consistency,0.8329285940001987,0.07844083492636407,10.618558494209122,2.4430449909516464e-26,0.6791873826272735,0.9866698053731239,,46394
conventional,1,L10,OLS-cluster-mentee,direct_percent,-0.35025735361975524,0.09230184715447193,-3.7946949537594996,0.00014782509021783199,-0.5311656497490411,-0.16934905749046938,,46394
conventional,1,L10,OLS-cluster-mentee,log_PeerCount,-0.16597798292732704,0.016013945943178173,-10.364589934065094,3.592962221791111e-25,-0.19736474022632758,-0.1345912256283265,,46394
conventional,1,L10,OLS-cluster-mentee,h_index,0.005513947033975117,0.0008212669736265216,6.713951992525433,1.89422652978249e-11,0.003904293343974928,0.007123600723975306,,46394
conventional,1,L10,OLS-cluster-mentee,AvgTopPubPerYear_Mentored,1.0529596678547146,0.06814179470193642,15.452479237750282,7.259652121584321e-54,0.919404204396997,1.1865151313124322,,46394
conventional,1,L10,OLS-cluster-mentee,AvgPaperPerYear_Mentored,0.1090050775689787,0.04238365803554722,2.5718657289457183,0.010115211363554793,0.025934634286244485,0.19207552085171292,,46394
conventional,1,L10,OLS-cluster-mentee,NetworkSize_Mentored,0.0004308138589615675,0.00043600589887001043,0.9880918126981789,0.3231076851087047,-0.000423741999870666,0.0012853697177938011,,46394
conventional,1,L10,OLS-two-way-cluster,topic_continuity,-2.2260145292330424,0.13847771923091054,-16.074893070134845,3.8265309047674695e-58,-2.497430858925627,-1.9545981995404578,,46394
conventional,1,L10,OLS-two-way-cluster,network_consistency,0.8329285940001987,0.07888649734143251,10.558569870267654,4.636719925649407e-26,0.678311059210991,0.9875461287894064,,46394
conventional,1,L10,OLS-two-way-cluster,direct_percent,-0.35025735361975524,0.09319244913174408,-3.758430611954454,0.0001709824398970016,-0.5329145539179736,-0.16760015332153683,,46394
conventional,1,L10,OLS-two-way-cluster,log_PeerCount,-0.16597798292732704,0.01876501492487215,-8.84507598804683,9.146604677637184e-19,-0.20275741218007645,-0.12919855367457764,,46394
conventional,1,L10,OLS-two-way-cluster,h_index,0.005513947033975117,0.0008512703954482851,6.477315625514538,9.336875479775764e-11,0.003845457058896478,0.007182437009053756,,46394
conventional,1,L10,OLS-two-way-cluster,AvgTopPubPerYear_Mentored,1.0529596678547146,0.06815049707612383,15.450506056889987,7.485345334775739e-54,0.9193846935855119,1.1865346421239173,,46394
conventional,1,L10,OLS-two-way-cluster,AvgPaperPerYear_Mentored,0.1090050775689787,0.04240756976378862,2.5704155691104233,0.010157658356854256,0.02588624083195301,0.1921239143060044,,46394
conventional,1,L10,OLS-two-way-cluster,NetworkSize_Mentored,0.0004308138589615675,0.0004363938356195476,0.9872134384069422,0.3235380152113727,-0.00042451805885274573,0.0012861457767758809,,46394
conventional,1,L10,PPML-cluster-mentee,topic_continuity,-0.5967501988878349,0.05342770873422971,-11.16930171676093,5.763215860318293e-29,-0.7014665837834212,-0.49203381399224855,0.5505980659580156,46394
conventional,1,L10,PPML-cluster-mentee,network_consistency,0.5414855171520017,0.019305436607422236,28.04834348806285,4.184749500913763e-173,0.503647556695633,0.5793234776083703,1.7185579141581875,46394
conventional,1,L10,PPML-cluster-mentee,direct_percent,-0.4923199778954671,0.01897196657439512,-25.949865342895464,1.8246730030465512e-148,-0.5295043490971792,-0.4551356066937549,0.6112067618862445,46394
conventional,1,L10,PPML-cluster-mentee,log_PeerCount,-0.07250334918609128,0.008436101490701474,-8.594414050851173,8.369074241537367e-18,-0.08903780427779083,-0.05596889409439172,0.930062631702232,46394
conventional,1,L10,PPML-cluster-mentee,h_index,0.004927028260043577,0.0001699030479578699,28.99905751699822,6.762099783940015e-185,0.00459402440518257,0.005260032114904584,1.0049391860227939,46394
conventional,1,L10,PPML-cluster-mentee,AvgTopPubPerYear_Mentored,0.12485060678627954,0.02246699259697488,5.557068052049402,2.7434382126596335e-08,0.08081611045528075,0.16888510311727833,1.1329791810221626,46394
conventional,1,L10,PPML-cluster-mentee,AvgPaperPerYear_Mentored,-0.020607093218500197,0.008778553963183137,-2.3474359564143965,0.018903122553773587,-0.0378127428226805,-0.003401443614319894,0.9796037819349379,46394
conventional,1,L10,PPML-cluster-mentee,NetworkSize_Mentored,1.1366583352355261e-05,1.3971701207383369e-05,0.8135432603116771,0.4159066539274464,-1.601744781687093e-05,3.8750614521581455e-05,1.0000113666479522,46394
conventional,1,L10,LPM-any-cluster-mentee,topic_continuity,-0.017589250760551213,0.013155733673504807,-1.337002648204665,0.18122177241570103,-0.04337401495082145,0.00819551342971903,,46394
conventional,1,L10,LPM-any-cluster-mentee,network_consistency,0.03961888308934436,0.002866355192034692,13.822042431950228,1.87668529619906e-43,0.03400093014605697,0.04523683603263175,,46394
conventional,1,L10,LPM-any-cluster-mentee,direct_percent,0.004637407107130358,0.003149278852658975,1.4725298470203545,0.14087785321338314,-0.0015350660213548561,0.010809880235615573,,46394
conventional,1,L10,LPM-any-cluster-mentee,log_PeerCount,-0.006622576197322219,0.001007113710831391,-6.57579787276966,4.83929579772674e-11,-0.008596482798888232,-0.004648669595756206,,46394
conventional,1,L10,LPM-any-cluster-mentee,h_index,0.00029449629739769387,2.420615600273637e-05,12.16617365286759,4.706319252637124e-34,0.00024705310342817256,0.0003419394913672152,,46394
conventional,1,L10,LPM-any-cluster-mentee,AvgTopPubPerYear_Mentored,0.011279418912110982,0.0009641356419032312,11.698995890085639,1.2897051022788127e-31,0.009389747777769242,0.013169090046452721,,46394
conventional,1,L10,LPM-any-cluster-mentee,AvgPaperPerYear_Mentored,-0.0005624297627687298,0.0003646209822748287,-1.542505204335183,0.12295087423927889,-0.0012770737560350116,0.00015221423049755183,,46394
conventional,1,L10,LPM-any-cluster-mentee,NetworkSize_Mentored,-5.523095578583678e-06,1.163623209900024e-06,-4.7464639168362845,2.0700363214676173e-06,-7.803755161562617e-06,-3.2424359956047395e-06,,46394
conventional,1,L10,Gamma-positive-cluster-mentee,topic_continuity,-1.4779474499741956,0.04773511014588892,-30.96143374252757,1.7826582558294443e-210,-1.5715065466581903,-1.3843883532902008,0.22810540596964407,44783
conventional,1,L10,Gamma-positive-cluster-mentee,network_consistency,0.4390067648384027,0.01644629024171143,26.69336114019102,5.620891777533875e-157,0.4067726282853557,0.47124090139144964,1.5511657807380637,44783
conventional,1,L10,Gamma-positive-cluster-mentee,direct_percent,-0.2528999389676366,0.015012981703293899,-16.845417117383782,1.1336680679449633e-63,-0.2823248424066514,-0.22347503552862175,0.7765455798887996,44783
conventional,1,L10,Gamma-positive-cluster-mentee,log_PeerCount,-0.07750682248157384,0.005086737130482795,-15.23704105272243,2.0075845337915994e-52,-0.08747664405614274,-0.06753700090700494,0.9254207107093525,44783
conventional,1,L10,Gamma-positive-cluster-mentee,h_index,0.003025505049984642,0.0001375206882296842,22.000362919443116,2.856836435599787e-107,0.0027559694539252993,0.0032950406460439843,1.003030086509633,44783
conventional,1,L10,Gamma-positive-cluster-mentee,AvgTopPubPerYear_Mentored,0.28066206135508426,0.010692109322407491,26.24945676218441,7.250433460168972e-152,0.25970591216440064,0.3016182105457679,1.324006095498546,44783
conventional,1,L10,Gamma-positive-cluster-mentee,AvgPaperPerYear_Mentored,0.03933157688592729,0.005155209288970632,7.629482079432867,2.356986915547463e-14,0.029227552346778513,0.04943560142507607,1.040115304673387,44783
conventional,1,L10,Gamma-positive-cluster-mentee,NetworkSize_Mentored,6.812138787902707e-05,4.9019880126899305e-05,1.3896685936946211,0.1646295359053639,-2.7955811696166307e-05,0.00016419858745422044,1.0000681237081934,44783
conventional,1,L20,OLS-HC1,topic_continuity,-6.374193129222274,0.22172438844756018,-28.748272455963175,9.519353695222081e-182,-6.80876494507366,-5.939621313370887,,22234
conventional,1,L20,OLS-HC1,network_consistency,0.9498614607891185,0.07474999855118841,12.707176979256506,5.394699043031877e-37,0.803354155784368,1.096368765793869,,22234
conventional,1,L20,OLS-HC1,direct_percent,-0.23050727599061185,0.05173591721330334,-4.455459348294677,8.371375810973809e-06,-0.33190781043583223,-0.12910674154539148,,22234
conventional,1,L20,OLS-HC1,log_PeerCount,-0.27656234832478355,0.02445087551682409,-11.3109384624893,1.1584378984289986e-29,-0.32448518372823093,-0.22863951292133616,,22234
conventional,1,L20,OLS-HC1,h_index,0.008569767674343825,0.0007081295380269885,12.101977412524219,1.0309741276700832e-33,0.007181859283421941,0.009957676065265708,,22234
conventional,1,L20,OLS-HC1,AvgTopPubPerYear_Mentored,0.5909390083933467,0.0739155426784819,7.994786846980416,1.2979822671314923e-15,0.4460672068457889,0.7358108099409044,,22234
conventional,1,L20,OLS-HC1,AvgPaperPerYear_Mentored,0.290676771378918,0.03219673891407723,9.028143258689678,1.7460914655742596e-19,0.2275723226876874,0.3537812200701486,,22234
conventional,1,L20,OLS-HC1,NetworkSize_Mentored,0.0030568733549767332,0.0008741718555256646,3.496879172732629,0.0004707349900845282,0.0013435280018478791,0.004770218708105588,,22234
conventional,1,L20,OLS-cluster-mentee,topic_continuity,-6.374193129222274,0.2625053245408017,-24.2821479540371,3.02673902086695e-130,-6.888694111072244,-5.859692147372304,,22234
conventional,1,L20,OLS-cluster-mentee,network_consistency,0.9498614607891185,0.08055548539620824,11.791393920814592,4.323256829727986e-32,0.791975610655408,1.1077473109228289,,22234
conventional,1,L20,OLS-cluster-mentee,direct_percent,-0.23050727599061185,0.05509754326351503,-4.183621670537372,2.869014249572512e-05,-0.3384964764237388,-0.12251807555748492,,22234
conventional,1,L20,OLS-cluster-mentee,log_PeerCount,-0.27656234832478355,0.02603436515735906,-10.62297262303738,2.3302026312855104e-26,-0.32758876639357176,-0.22553593025599533,,22234
conventional,1,L20,OLS-cluster-mentee,h_index,0.008569767674343825,0.0008125870274598424,10.546276749129296,5.285009079966289e-26,0.006977126366218073,0.010162408982469576,,22234
conventional,1,L20,OLS-cluster-mentee,AvgTopPubPerYear_Mentored,0.5909390083933467,0.08367072001296709,7.062673875661215,1.6332874419918334e-12,0.4269474106073965,0.7549306061792969,,22234
conventional,1,L20,OLS-cluster-mentee,AvgPaperPerYear_Mentored,0.290676771378918,0.03537397179406515,8.217250046761391,2.0822262627709967e-16,0.2213450606724146,0.3600084820854214,,22234
conventional,1,L20,OLS-cluster-mentee,NetworkSize_Mentored,0.0030568733549767332,0.0009205261451699497,3.3207892801484373,0.000897632814730094,0.0012526752636161423,0.0048610714463373245,,22234
conventional,1,L20,OLS-two-way-cluster,topic_continuity,-6.374193129222274,0.2751797802690091,-23.163740893284444,1.0569212999815895e-118,-6.9135454985495315,-5.834840759895016,,22234
conventional,1,L20,OLS-two-way-cluster,network_consistency,0.9498614607891185,0.08159065423348719,11.641792429693101,2.5264941920139405e-31,0.7899437784914836,1.1097791430867534,,22234
conventional,1,L20,OLS-two-way-cluster,direct_percent,-0.23050727599061185,0.05978562371949045,-3.855563622989605,0.00011546329527253044,-0.34768709848081314,-0.11332745350041057,,22234
conventional,1,L20,OLS-two-way-cluster,log_PeerCount,-0.27656234832478355,0.034170500146773405,-8.093599658678052,5.792685958941425e-16,-0.3435365286124594,-0.20958816803710767,,22234
conventional,1,L20,OLS-two-way-cluster,h_index,0.008569767674343825,0.0008904908148634345,9.623645220482237,6.353866361647671e-22,0.006824405677211493,0.010315129671476155,,22234
conventional,1,L20,OLS-two-way-cluster,AvgTopPubPerYear_Mentored,0.5909390083933467,0.08396292434470078,7.038094647195827,1.9488629938490857e-12,0.4263716766777331,0.7555063401089602,,22234
conventional,1,L20,OLS-two-way-cluster,AvgPaperPerYear_Mentored,0.290676771378918,0.03545844504619493,8.19767395327762,2.450830080533701e-16,0.22117821908837595,0.36017532366946003,,22234
conventional,1,L20,OLS-two-way-cluster,NetworkSize_Mentored,0.0030568733549767332,0.0009149291282474772,3.3411039834660134,0.0008344596438343569,0.001263612263611678,0.004850134446341789,,22234
conventional,1,L20,PPML-cluster-mentee,topic_continuity,-2.82752726121236,0.13429630198687667,-21.05439404793636,2.0843161731482422e-98,-3.0907431763635533,-2.564311346061167,0.059158957605675404,22234
conventional,1,L20,PPML-cluster-mentee,network_consistency,0.4215610731602244,0.025386015807645053,16.606035242177324,6.302339720684018e-62,0.3718053964662756,0.4713167498541732,1.5243393043910274,22234
conventional,1,L20,PPML-cluster-mentee,direct_percent,-0.1922485818994928,0.023195252690445683,-8.288272797247066,1.1490480041515657e-16,-0.2377104417850721,-0.14678672201391346,0.825101737639613,22234
conventional,1,L20,PPML-cluster-mentee,log_PeerCount,-0.09391182980028398,0.010954931160465153,-8.572562294065245,1.0120757625732524e-17,-0.11538310032791126,-0.0724405592726567,0.9103630255920776,22234
conventional,1,L20,PPML-cluster-mentee,h_index,0.004068173491228128,0.00024804182806902443,16.401159122630105,1.8762373583917067e-60,0.0035820204415533637,0.004554326540902892,1.0040764597418301,22234
conventional,1,L20,PPML-cluster-mentee,AvgTopPubPerYear_Mentored,0.01289405517597498,0.023264920644489817,0.5542273439487907,0.5794232670321371,-0.03270435139040744,0.0584924617423574,1.0129775419472007,22234
conventional,1,L20,PPML-cluster-mentee,AvgPaperPerYear_Mentored,0.07977479968249071,0.009574309691361773,8.332172475522272,7.937220127166474e-17,0.06100949751058883,0.09854010185439259,1.0830431385508534,22234
conventional,1,L20,PPML-cluster-mentee,NetworkSize_Mentored,0.000273327796563467,5.6661480518445826e-05,4.8238731862025155,1.407969554640742e-06,0.00016227333543659527,0.00038438225769033875,1.0002733651540092,22234
conventional,1,L20,LPM-any-cluster-mentee,topic_continuity,-0.09287354999782468,0.024968028026887305,-3.7196990446266724,0.0001994603060044648,-0.14180998569551045,-0.0439371143001389,,22234
conventional,1,L20,LPM-any-cluster-mentee,network_consistency,0.018725492221236602,0.00301096485563479,6.219100228351479,5.000138466338557e-10,0.01282410954547657,0.024626874896996633,,22234
conventional,1,L20,LPM-any-cluster-mentee,direct_percent,0.003830904874872808,0.0036841827791188396,1.0398248687838068,0.2984212729856731,-0.0033899606846628026,0.011051770434408418,,22234
conventional,1,L20,LPM-any-cluster-mentee,log_PeerCount,-0.005401454055584823,0.0013622082521068891,-3.9652190090836306,7.332858849955077e-05,-0.008071333169157584,-0.002731574942012062,,22234
conventional,1,L20,LPM-any-cluster-mentee,h_index,0.00017886727652792285,2.8498365752647648e-05,6.276404692128886,3.4649161367960873e-10,0.00012301150603448376,0.00023472304702136195,,22234
conventional,1,L20,LPM-any-cluster-mentee,AvgTopPubPerYear_Mentored,0.008864541227222777,0.0018518454322074339,4.7868688568981055,1.694034487282574e-06,0.005234990875161197,0.012494091579284357,,22234
conventional,1,L20,LPM-any-cluster-mentee,AvgPaperPerYear_Mentored,0.00026519518270075234,0.0006951846369053307,0.38147445818320963,0.7028512203629673,-0.0010973416682392503,0.001627732033640755,,22234
conventional,1,L20,LPM-any-cluster-mentee,NetworkSize_Mentored,-8.53719173917243e-06,3.1843968008365367e-06,-2.6809447041680614,0.00734146459808127,-1.4778494781296609e-05,-2.29588869704825e-06,,22234
conventional,1,L20,Gamma-positive-cluster-mentee,topic_continuity,-3.955333583221825,0.09543155691570517,-41.44680974570683,0.0,-4.142375997765192,-3.7682911686784584,0.019152278605111213,21741
conventional,1,L20,Gamma-positive-cluster-mentee,network_consistency,0.36295945572697075,0.02345470124783184,15.474912764472872,5.1242687814289724e-54,0.3169890860130737,0.4089298254408678,1.4375775725220201,21741
conventional,1,L20,Gamma-positive-cluster-mentee,direct_percent,-0.11915461475319415,0.02107119109125788,-5.654859008071433,1.5597425509127143e-08,-0.16045339040342083,-0.07785583910296748,0.8876705431892478,21741
conventional,1,L20,Gamma-positive-cluster-mentee,log_PeerCount,-0.11341721841460378,0.008179170631679663,-13.866591555788656,1.0096156927104091e-43,-0.12944809827610365,-0.09738633855310391,0.8927780989386959,21741
conventional,1,L20,Gamma-positive-cluster-mentee,h_index,0.0028469950156796812,0.00020073104076862684,14.18313283674585,1.1652609464008743e-45,0.0024535694051939314,0.003240420626165431,1.0028510515547246,21741
conventional,1,L20,Gamma-positive-cluster-mentee,AvgTopPubPerYear_Mentored,0.20916367486430776,0.015537385391145834,13.46196091547695,2.618730669298188e-41,0.17871095908374315,0.23961639064487236,1.2326467353073256,21741
conventional,1,L20,Gamma-positive-cluster-mentee,AvgPaperPerYear_Mentored,0.10241512046131894,0.007402975483877704,13.834318468885911,1.5822899333731097e-43,0.08790555513448566,0.11692468578815222,1.1078432646937053,21741
conventional,1,L20,Gamma-positive-cluster-mentee,NetworkSize_Mentored,0.00013025499813879997,9.947532993745742e-05,1.30942011673341,0.19039208086110737,-6.471306588885561e-05,0.00032522306216645555,1.0001302634816893,21741
conventional,2,L5,OLS-HC1,topic_continuity,-0.10752299273982836,0.0790081200930322,-1.3609106584642168,0.17354192482437947,-0.26237606260838686,0.04733007712873012,,57751
conventional,2,L5,OLS-HC1,network_consistency,0.8563111494492417,0.07193733621598895,11.903570447454461,1.1338982869061049e-32,0.7153165613221545,0.9973057375763289,,57751
conventional,2,L5,OLS-HC1,direct_percent,-0.4240545425427663,0.09420621392235269,-4.5013436469518195,6.7525228467490865e-06,-0.6086953289504534,-0.2394137561350792,,57751
conventional,2,L5,OLS-HC1,log_PeerCount,-0.10202157194179928,0.011537649517411297,-8.842491860048273,9.360712122909565e-19,-0.12463494946217135,-0.07940819442142721,,57751
conventional,2,L5,OLS-HC1,h_index,0.0032348030643762665,0.0009333658491603468,3.4657396853401976,0.0005287749743856802,0.0014054396156223422,0.005064166513130191,,57751
conventional,2,L5,OLS-HC1,AvgTopPubPerYear_Mentored,1.1684021495043533,0.08472158366417998,13.791080135325068,2.884090418484322e-43,1.0023508968093635,1.334453402199343,,57751
conventional,2,L5,OLS-HC1,AvgPaperPerYear_Mentored,0.05739252720852818,0.02546145628735417,2.25409444616226,0.024190226994859582,0.007488989891373095,0.10729606452568327,,57751
conventional,2,L5,OLS-HC1,NetworkSize_Mentored,-4.672922657667834e-05,0.0001235893601055903,-0.3781007243403038,0.7053557702449186,-0.0002889599212559867,0.00019550146810263,,57751
conventional,2,L5,OLS-cluster-mentee,topic_continuity,-0.10752299273982836,0.09574952521153447,-1.1229611060972196,0.2614540133231327,-0.2951886136912458,0.08014262821158911,,57751
conventional,2,L5,OLS-cluster-mentee,network_consistency,0.8563111494492417,0.09030398637471855,9.482539850411012,2.481677356465285e-21,0.6793185884943975,1.0333037104040859,,57751
conventional,2,L5,OLS-cluster-mentee,direct_percent,-0.4240545425427663,0.11928477517045621,-3.554976248534639,0.0003780132351870711,-0.6578484057808182,-0.19026067930471444,,57751
conventional,2,L5,OLS-cluster-mentee,log_PeerCount,-0.10202157194179928,0.012572066213412588,-8.114940711412808,4.860220450106146e-16,-0.1266623689313408,-0.07738077495225776,,57751
conventional,2,L5,OLS-cluster-mentee,h_index,0.0032348030643762665,0.0011512321633598936,2.8098616137820804,0.0049562805931179675,0.000978429486346743,0.00549117664240579,,57751
conventional,2,L5,OLS-cluster-mentee,AvgTopPubPerYear_Mentored,1.1684021495043533,0.09606213821059696,12.162982953209578,4.893846045491965e-34,0.9801238183336742,1.3566804806750323,,57751
conventional,2,L5,OLS-cluster-mentee,AvgPaperPerYear_Mentored,0.05739252720852818,0.029795370435275387,1.926222979278013,0.054076537716779234,-0.0010053257506410923,0.11579038016769745,,57751
conventional,2,L5,OLS-cluster-mentee,NetworkSize_Mentored,-4.672922657667834e-05,0.00014205253193764217,-0.3289573648514157,0.7421879140523426,-0.00032514707308718276,0.00023168861993382608,,57751
conventional,2,L5,OLS-two-way-cluster,topic_continuity,-0.10752299273982836,0.09673422470136175,-1.1115299995608972,0.26634028448574965,-0.2971220731544974,0.08207608767484066,,57751
conventional,2,L5,OLS-two-way-cluster,network_consistency,0.8563111494492417,0.09051712637147008,9.460211385136732,3.07321297778466e-21,0.6788975817611603,1.0337247171373232,,57751
conventional,2,L5,OLS-two-way-cluster,direct_percent,-0.4240545425427663,0.11979285524657841,-3.5398984494517953,0.0004002810239696505,-0.65884853882606,-0.1892605462594726,,57751
conventional,2,L5,OLS-two-way-cluster,log_PeerCount,-0.10202157194179928,0.014938360784167081,-6.829502474590803,8.520962688718693e-12,-0.13130075907876676,-0.0727423848048318,,57751
conventional,2,L5,OLS-two-way-cluster,h_index,0.0032348030643762665,0.0011737042191765157,2.756063249602904,0.00585016831360794,0.000934342794790296,0.005535263333962237,,57751
conventional,2,L5,OLS-two-way-cluster,AvgTopPubPerYear_Mentored,1.1684021495043533,0.09649567620506729,12.108336823520771,9.540912435092277e-34,0.9792706241424214,1.3575336748662852,,57751
conventional,2,L5,OLS-two-way-cluster,AvgPaperPerYear_Mentored,0.05739252720852818,0.029809766693158646,1.9252927337301096,0.05419274617888238,-0.0010346155100627655,0.11581966992711912,,57751
conventional,2,L5,OLS-two-way-cluster,NetworkSize_Mentored,-4.672922657667834e-05,0.00013740437278103227,-0.3400854400110401,0.7337921861840497,-0.0003160417972275016,0.00022258334407414493,,57751
conventional,2,L5,PPML-cluster-mentee,topic_continuity,0.36638206708719706,0.037190708625210595,9.851440874101451,6.756826865758623e-23,0.29348961762226117,0.43927451655213295,1.4425062715522454,57751
conventional,2,L5,PPML-cluster-mentee,network_consistency,0.6160087729094866,0.019815282941371765,31.087558766235905,3.5475370511435523e-212,0.5771715320009271,0.6548460138180462,1.8515234244707035,57751
conventional,2,L5,PPML-cluster-mentee,direct_percent,-0.7336642708458393,0.020998096526755782,-34.93956082690657,1.865512604997009e-267,-0.7748197837821762,-0.6925087579095024,0.4801463763467433,57751
conventional,2,L5,PPML-cluster-mentee,log_PeerCount,-0.039990834281375426,0.007986820840655977,-5.007102961144033,5.525537343983697e-07,-0.055644715480035065,-0.02433695308271579,0.9607982455183383,57751
conventional,2,L5,PPML-cluster-mentee,h_index,0.005613663194899189,0.00019059692164386243,29.453063283931375,1.1502284035610707e-190,0.005240100092913016,0.005987226296885363,1.0056294493276523,57751
conventional,2,L5,PPML-cluster-mentee,AvgTopPubPerYear_Mentored,0.10017717322815253,0.017543114895019103,5.710341283610652,1.127498435576816e-08,0.06579329985726692,0.13456104659903814,1.1053667421217404,57751
conventional,2,L5,PPML-cluster-mentee,AvgPaperPerYear_Mentored,-0.03071687303328225,0.006961208334724695,-4.412577753212303,1.0214709232336726e-05,-0.0443605906582227,-0.017073155408341804,0.9697500966150125,57751
conventional,2,L5,PPML-cluster-mentee,NetworkSize_Mentored,-9.46143816993069e-06,7.775513325369171e-06,-1.2168248929701981,0.22367084673548054,-2.4701164248965536e-05,5.7782879091041566e-06,0.9999905386065894,57751
conventional,2,L5,LPM-any-cluster-mentee,topic_continuity,0.07682343199606075,0.010841658350646552,7.085948432554998,1.3809522988258733e-12,0.05557417209610558,0.09807269189601592,,57751
conventional,2,L5,LPM-any-cluster-mentee,network_consistency,0.06373526099021362,0.003966782675031506,16.06724295520107,4.3291730502354176e-58,0.055960509812654415,0.07151001216777282,,57751
conventional,2,L5,LPM-any-cluster-mentee,direct_percent,0.0001703048131453083,0.004346621322880738,0.039180963901506424,0.9687461105874141,-0.008348916434134785,0.0086895260604254,,57751
conventional,2,L5,LPM-any-cluster-mentee,log_PeerCount,-0.005467193127549191,0.0011084415147360573,-4.932324398595845,8.125681954296343e-07,-0.007639698575400887,-0.0032946876796974955,,57751
conventional,2,L5,LPM-any-cluster-mentee,h_index,0.0004491490334828116,3.407668718988896e-05,13.180536916043897,1.1357959835797058e-39,0.0003823599538781918,0.0005159381130874314,,57751
conventional,2,L5,LPM-any-cluster-mentee,AvgTopPubPerYear_Mentored,0.015321299239008324,0.0020133588037180273,7.609820569843191,2.7447670719382242e-14,0.011375188495764342,0.019267409982252306,,57751
conventional,2,L5,LPM-any-cluster-mentee,AvgPaperPerYear_Mentored,-0.001445441422001872,0.0006711034628674796,-2.1538279892429912,0.03125366386347595,-0.0027607800391222454,-0.00013010280488149847,,57751
conventional,2,L5,LPM-any-cluster-mentee,NetworkSize_Mentored,-9.770356913704481e-06,1.725859279812548e-06,-5.661155013035406,1.503575278420038e-08,-1.315297894452131e-05,-6.3877348828876515e-06,,57751
conventional,2,L5,Gamma-positive-cluster-mentee,topic_continuity,-0.05815674059128979,0.03338605012712244,-1.7419473214066714,0.08151766247876355,-0.12359219642649867,0.007278715243919084,0.9435020507770744,54395
conventional,2,L5,Gamma-positive-cluster-mentee,network_consistency,0.46458168715956927,0.01678368353780474,27.680555708352884,1.197086889542839e-168,0.43168627189755415,0.4974771024215844,1.5913483681801264,54395
conventional,2,L5,Gamma-positive-cluster-mentee,direct_percent,-0.35417891294806747,0.014483803557458584,-24.453446330102935,4.6250429879994705e-132,-0.3825666462798394,-0.32579117961629556,0.7017494040685935,54395
conventional,2,L5,Gamma-positive-cluster-mentee,log_PeerCount,-0.055102610888189456,0.004089750725519671,-13.473342163461014,2.2447070713193073e-41,-0.06311837501595456,-0.04708684676042434,0.9463880332543922,54395
conventional,2,L5,Gamma-positive-cluster-mentee,h_index,0.0027300905262972854,0.00011776710953536813,23.18211372486286,6.899183827172645e-119,0.00249927123304458,0.0029609098195499907,1.002733820617161,54395
conventional,2,L5,Gamma-positive-cluster-mentee,AvgTopPubPerYear_Mentored,0.28096765674565183,0.009376974688633962,29.96357205551796,2.9286855223849155e-197,0.2625891240719856,0.29934618941931807,1.3244107674882117,54395
conventional,2,L5,Gamma-positive-cluster-mentee,AvgPaperPerYear_Mentored,0.020797395481984376,0.00426528306236547,4.87597075689753,1.0827464924013152e-06,0.012437594295879345,0.029157196668089407,1.0210151683944173,54395
conventional,2,L5,Gamma-positive-cluster-mentee,NetworkSize_Mentored,4.2507497399979775e-06,3.06979860098066e-05,0.13846998753077996,0.889868987575474,-5.59161972371374e-05,6.441769671713336e-05,1.0000042507587745,54395
conventional,2,L10,OLS-HC1,topic_continuity,-1.9832029058141767,0.1581658475773727,-12.538755592252741,4.5813302495509775e-36,-2.2932022706500788,-1.6732035409782744,,44736
conventional,2,L10,OLS-HC1,network_consistency,0.9271896067455452,0.09025615294356931,10.272868679936428,9.338568999490278e-25,0.7502907975930105,1.10408841589808,,44736
conventional,2,L10,OLS-HC1,direct_percent,-0.45769608480682417,0.10220703066342006,-4.478127207452802,7.530072833090099e-06,-0.6580181838739084,-0.2573739857397399,,44736
conventional,2,L10,OLS-HC1,log_PeerCount,-0.15269004633015482,0.014665091746039064,-10.411803006373642,2.1903339336691636e-25,-0.181433097982367,-0.12394699467794264,,44736
conventional,2,L10,OLS-HC1,h_index,0.005483403886589421,0.000901420509076459,6.083069811898761,1.1790297859825264e-09,0.003716652153873801,0.007250155619305042,,44736
conventional,2,L10,OLS-HC1,AvgTopPubPerYear_Mentored,1.1557302948298025,0.07107422257679509,16.260892527963225,1.8699401675022834e-59,1.0164273783501006,1.2950332113095044,,44736
conventional,2,L10,OLS-HC1,AvgPaperPerYear_Mentored,0.11038907885289946,0.045734597797225246,2.4136886333260126,0.015791951133913566,0.020750914322913094,0.20002724338288583,,44736
conventional,2,L10,OLS-HC1,NetworkSize_Mentored,0.0005804309760259547,0.00036080224031731094,1.6087233147873172,0.10767685540949001,-0.0001267284205373402,0.0012875903725892495,,44736
conventional,2,L10,OLS-cluster-mentee,topic_continuity,-1.9832029058141767,0.16780048681091111,-11.81881497190758,3.120552366061702e-32,-2.3120858165518507,-1.6543199950765026,,44736
conventional,2,L10,OLS-cluster-mentee,network_consistency,0.9271896067455452,0.09600187738131627,9.658036197175383,4.544925259395251e-22,0.7390293846299348,1.1153498288611554,,44736
conventional,2,L10,OLS-cluster-mentee,direct_percent,-0.45769608480682417,0.10560570147382939,-4.334009228850658,1.4641803241698184e-05,-0.6646794562576183,-0.25071271335603007,,44736
conventional,2,L10,OLS-cluster-mentee,log_PeerCount,-0.15269004633015482,0.01662242126859278,-9.185788511969367,4.085231911257521e-20,-0.18526939335244924,-0.12011069930786038,,44736
conventional,2,L10,OLS-cluster-mentee,h_index,0.005483403886589421,0.0009427668705623588,5.816288265749708,6.016867071767771e-09,0.003635614774469663,0.00733119299870918,,44736
conventional,2,L10,OLS-cluster-mentee,AvgTopPubPerYear_Mentored,1.1557302948298025,0.08099545122770632,14.269076563085543,3.4106493070980145e-46,0.9969821275119276,1.3144784621476773,,44736
conventional,2,L10,OLS-cluster-mentee,AvgPaperPerYear_Mentored,0.11038907885289946,0.04698493562612725,2.349456849984798,0.01880082311206894,0.01830029720975715,0.20247786049604177,,44736
conventional,2,L10,OLS-cluster-mentee,NetworkSize_Mentored,0.0005804309760259547,0.0004210467793852788,1.378542728371831,0.16803578507912464,-0.00024480554737577346,0.0014056674994276828,,44736
conventional,2,L10,OLS-two-way-cluster,topic_continuity,-1.9832029058141767,0.16895687828029884,-11.737923463074704,8.146205953224864e-32,-2.3143583872435625,-1.652047424384791,,44736
conventional,2,L10,OLS-two-way-cluster,network_consistency,0.9271896067455452,0.09640698308559685,9.617452772298885,6.748152147399625e-22,0.7382319198977754,1.116147293593315,,44736
conventional,2,L10,OLS-two-way-cluster,direct_percent,-0.45769608480682417,0.10642730469768148,-4.3005513115920815,1.703737146703142e-05,-0.6662936020142799,-0.24909856759936846,,44736
conventional,2,L10,OLS-two-way-cluster,log_PeerCount,-0.15269004633015482,0.01957358816831662,-7.800820422762913,6.150598486018875e-15,-0.1910542791400554,-0.11432581352025424,,44736
conventional,2,L10,OLS-two-way-cluster,h_index,0.005483403886589421,0.0009839203955330751,5.573015775954705,2.5036688857901244e-08,0.0035549199113445937,0.007411887861834249,,44736
conventional,2,L10,OLS-two-way-cluster,AvgTopPubPerYear_Mentored,1.1557302948298025,0.08115501064209973,14.241022035308061,5.097603332797806e-46,0.996666473971287,1.314794115688318,,44736
conventional,2,L10,OLS-two-way-cluster,AvgPaperPerYear_Mentored,0.11038907885289946,0.04701147653414673,2.3481304351867887,0.018867912651162975,0.018246584845971872,0.20253157285982704,,44736
conventional,2,L10,OLS-two-way-cluster,NetworkSize_Mentored,0.0005804309760259547,0.0004214725473825108,1.3771501361847416,0.16846583465581566,-0.00024565521684376647,0.0014065171688956758,,44736
conventional,2,L10,PPML-cluster-mentee,topic_continuity,-0.2565145962652362,0.05321200991902752,-4.820614681827906,1.4311655367899754e-06,-0.3608082192515183,-0.15222097327895415,0.7737437007087682,44736
conventional,2,L10,PPML-cluster-mentee,network_consistency,0.5889180556032084,0.02152287405046479,27.36242632941908,7.683381048787364e-165,0.5467339976205057,0.6311021135859112,1.8020376557369797,44736
conventional,2,L10,PPML-cluster-mentee,direct_percent,-0.5741862645877492,0.02042941341929113,-28.105861524421226,8.306586259457235e-174,-0.6142271791148392,-0.5341453500606593,0.5631629480377187,44736
conventional,2,L10,PPML-cluster-mentee,log_PeerCount,-0.06372123792483884,0.008325116439092858,-7.654095698363853,1.9467726813401892e-14,-0.08003816631256319,-0.0474043095371145,0.9382665161996814,44736
conventional,2,L10,PPML-cluster-mentee,h_index,0.005067367360582943,0.00017862887177607617,28.368131703452978,5.001894593369321e-177,0.004717261205302811,0.005417473515863076,1.0050802281808904,44736
conventional,2,L10,PPML-cluster-mentee,AvgTopPubPerYear_Mentored,0.11703478959841292,0.023217463454610357,5.040808606298161,4.6356891469797436e-07,0.07152939741500172,0.1625401817818241,1.1241585380343417,44736
conventional,2,L10,PPML-cluster-mentee,AvgPaperPerYear_Mentored,-0.02093872739039447,0.009006056198469519,-2.324960774056993,0.02007405777171235,-0.03859027318213844,-0.003287181598650501,0.9792789657089884,44736
conventional,2,L10,PPML-cluster-mentee,NetworkSize_Mentored,2.257960395714012e-05,1.081102615393529e-05,2.08857176327531,0.0367462891904155,1.390382059506372e-06,4.376882585477387e-05,1.0000225798588782,44736
conventional,2,L10,LPM-any-cluster-mentee,topic_continuity,0.03252656226050302,0.014078454709980688,2.3103787262563587,0.02086719582091346,0.004933298070962579,0.060119826450043455,,44736
conventional,2,L10,LPM-any-cluster-mentee,network_consistency,0.04564541496031023,0.0031973193669145084,14.27615127617332,3.081563518805435e-46,0.03937878415408538,0.051912045766535075,,44736
conventional,2,L10,LPM-any-cluster-mentee,direct_percent,-0.0013809271396194199,0.003665851954078261,-0.37670019327516435,0.7063964192075227,-0.008565864942268592,0.005804010663029752,,44736
conventional,2,L10,LPM-any-cluster-mentee,log_PeerCount,-0.005831366395799847,0.0010562426067286643,-5.520858899888947,3.3734659690383387e-08,-0.007901563863924734,-0.003761168927674961,,44736
conventional,2,L10,LPM-any-cluster-mentee,h_index,0.00030620497269795167,2.5945093615690584e-05,11.802037689036158,3.809727880464067e-32,0.00025535352363567805,0.0003570564217602253,,44736
conventional,2,L10,LPM-any-cluster-mentee,AvgTopPubPerYear_Mentored,0.011953576890403541,0.0011539381556995574,10.358940668841015,3.81159922083123e-25,0.009691899664845835,0.014215254115961248,,44736
conventional,2,L10,LPM-any-cluster-mentee,AvgPaperPerYear_Mentored,-0.0006287245049215089,0.00043805004521464913,-1.4352800822413505,0.15120730119213419,-0.0014872868169683634,0.0002298378071253456,,44736
conventional,2,L10,LPM-any-cluster-mentee,NetworkSize_Mentored,-6.129424780294868e-06,1.1789571070713018e-06,-5.199022715526298,2.0033904453520156e-07,-8.440138249472151e-06,-3.818711311117585e-06,,44736
conventional,2,L10,Gamma-positive-cluster-mentee,topic_continuity,-1.17737405884034,0.048951667824506766,-24.051765979889844,8.000047771941513e-128,-1.2733175647595416,-1.0814305529211385,0.3080866948468164,43035
conventional,2,L10,Gamma-positive-cluster-mentee,network_consistency,0.4692540854486664,0.018672837489036927,25.130304150302372,2.32052057183297e-139,0.43265599648098474,0.5058521744163481,1.5988011792651387,43035
conventional,2,L10,Gamma-positive-cluster-mentee,direct_percent,-0.305077710120443,0.016779923331785445,-18.181114662338665,7.283811323377462e-74,-0.3379657555140858,-0.2721896647268002,0.7370660946710582,43035
conventional,2,L10,Gamma-positive-cluster-mentee,log_PeerCount,-0.06829911788268911,0.004977506154184615,-13.721553679098857,7.543148261843244e-43,-0.07805485067771743,-0.05854338508766079,0.9339810613531567,43035
conventional,2,L10,Gamma-positive-cluster-mentee,h_index,0.003045625016223924,0.00014386472268679238,21.17006142537492,1.8032228084362325e-99,0.0027636553411119684,0.0033275946913358793,1.0030502676441317,43035
conventional,2,L10,Gamma-positive-cluster-mentee,AvgTopPubPerYear_Mentored,0.29525857217694396,0.011583086846026526,25.4904911015348,2.512981813301405e-143,0.27255613912893234,0.3179610052249556,1.3434736986970492,43035
conventional,2,L10,Gamma-positive-cluster-mentee,AvgPaperPerYear_Mentored,0.04135218350702149,0.005487717607538355,7.535406605146175,4.868155122113812e-14,0.030596454638920002,0.052107912375122974,1.0422190932935311,43035
conventional,2,L10,Gamma-positive-cluster-mentee,NetworkSize_Mentored,6.204008828455905e-05,4.391034943074052e-05,1.412880769314178,0.1576907843690959,-2.4022615148261236e-05,0.00014810279171737932,1.0000620420128106,43035
conventional,2,L20,OLS-HC1,topic_continuity,-6.0572095373664485,0.22765415688518803,-26.60706758111717,5.623060222176242e-156,-6.503403485792248,-5.611015588940649,,21440
conventional,2,L20,OLS-HC1,network_consistency,1.0044641287639988,0.0837747164216188,11.990063012672737,4.0060031140983196e-33,0.8402687017625697,1.1686595557654278,,21440
conventional,2,L20,OLS-HC1,direct_percent,-0.3396204066500416,0.05804191709068088,-5.851295471847372,4.877588264910682e-09,-0.453380473741436,-0.22586033955864726,,21440
conventional,2,L20,OLS-HC1,log_PeerCount,-0.2566455609100287,0.024320909623159335,-10.55246554864217,4.9481305644601263e-26,-0.3043136678426746,-0.2089774539773828,,21440
conventional,2,L20,OLS-HC1,h_index,0.008921393446382504,0.0007768576266527481,11.48394910509172,1.588553143390178e-30,0.007398780477027854,0.010444006415737154,,21440
conventional,2,L20,OLS-HC1,AvgTopPubPerYear_Mentored,0.5567372179094794,0.09360588163639161,5.947673460008671,2.7198048387116535e-09,0.37327306116103265,0.7402013746579261,,21440
conventional,2,L20,OLS-HC1,AvgPaperPerYear_Mentored,0.3329821812096715,0.03852745287100039,8.642725028425307,5.4887906979972406e-18,0.25746976116644643,0.40849460125289655,,21440
conventional,2,L20,OLS-HC1,NetworkSize_Mentored,0.003602523601465004,0.0008476019312328063,4.250254121324693,2.135281199577372e-05,0.001941254343022108,0.0052637928599079,,21440
conventional,2,L20,OLS-cluster-mentee,topic_continuity,-6.0572095373664485,0.27214444815224476,-22.25733274550538,9.577899982944166e-110,-6.5906028543373765,-5.523816220395521,,21440
conventional,2,L20,OLS-cluster-mentee,network_consistency,1.0044641287639988,0.09090896392547651,11.049120850034303,2.2137209619238303e-28,0.8262858335982138,1.1826424239297837,,21440
conventional,2,L20,OLS-cluster-mentee,direct_percent,-0.3396204066500416,0.06271210086824254,-5.415548226706366,6.110119975211504e-08,-0.46253386574664,-0.2167069475534432,,21440
conventional,2,L20,OLS-cluster-mentee,log_PeerCount,-0.2566455609100287,0.026170708194849405,-9.806595946858577,1.0546642908821023e-22,-0.3079392064218408,-0.20535191539821662,,21440
conventional,2,L20,OLS-cluster-mentee,h_index,0.008921393446382504,0.0009151991091358182,9.748035544753293,1.8807229788151407e-22,0.007127636153793158,0.010715150738971849,,21440
conventional,2,L20,OLS-cluster-mentee,AvgTopPubPerYear_Mentored,0.5567372179094794,0.12157372740746508,4.57942048649644,4.662659982335622e-06,0.31845709072455775,0.795017345094401,,21440
conventional,2,L20,OLS-cluster-mentee,AvgPaperPerYear_Mentored,0.3329821812096715,0.04600264942513282,7.238326169704303,4.5425593474654147e-13,0.24281864514298895,0.423145717276354,,21440
conventional,2,L20,OLS-cluster-mentee,NetworkSize_Mentored,0.003602523601465004,0.0008967305135555594,4.017398256228514,5.884422833925402e-05,0.0018449640910580007,0.005360083111872007,,21440
conventional,2,L20,OLS-two-way-cluster,topic_continuity,-6.0572095373664485,0.2810732312678966,-21.55028961684793,5.26168284580149e-103,-6.608113070651526,-5.506306004081371,,21440
conventional,2,L20,OLS-two-way-cluster,network_consistency,1.0044641287639988,0.09301284341062975,10.799198174487868,3.47222459300726e-27,0.8221589556791645,1.1867693018488332,,21440
conventional,2,L20,OLS-two-way-cluster,direct_percent,-0.3396204066500416,0.06655715492524188,-5.102688163752027,3.348625283740307e-07,-0.4700724303035157,-0.20916838299656754,,21440
conventional,2,L20,OLS-two-way-cluster,log_PeerCount,-0.2566455609100287,0.03257419450389493,-7.878799915661502,3.305402941788778e-15,-0.32049098213766275,-0.19280013968239468,,21440
conventional,2,L20,OLS-two-way-cluster,h_index,0.008921393446382504,0.0009925738637575935,8.988140603066784,2.5144822382140237e-19,0.00697594867341762,0.010866838219347388,,21440
conventional,2,L20,OLS-two-way-cluster,AvgTopPubPerYear_Mentored,0.5567372179094794,0.12183035540756001,4.5697742245520185,4.882499201441213e-06,0.3179497213106618,0.795524714508297,,21440
conventional,2,L20,OLS-two-way-cluster,AvgPaperPerYear_Mentored,0.3329821812096715,0.04600610567639712,7.237782383752251,4.560804529607556e-13,0.24281021408393316,0.4231541483354098,,21440
conventional,2,L20,OLS-two-way-cluster,NetworkSize_Mentored,0.003602523601465004,0.0008707796062567964,4.1371244521344535,3.516853853332042e-05,0.001895795573201683,0.005309251629728325,,21440
conventional,2,L20,PPML-cluster-mentee,topic_continuity,-2.3645879507596645,0.13193009768583486,-17.923036458219396,7.795459449363633e-72,-2.623166190700752,-2.106009710818577,0.09398802008299273,21440
conventional,2,L20,PPML-cluster-mentee,network_consistency,0.4550400454275626,0.027891994855738594,16.31436000834989,7.801958371651475e-60,0.4003727400533385,0.5097073508017868,1.5762365028348488,21440
conventional,2,L20,PPML-cluster-mentee,direct_percent,-0.25869236877696167,0.025781020457609057,-10.034217582749356,1.0781072142881365e-23,-0.30922224035856577,-0.20816249719535757,0.7720604964294928,21440
conventional,2,L20,PPML-cluster-mentee,log_PeerCount,-0.08377650274017315,0.010711338991783169,-7.821291325429938,5.228418675492053e-15,-0.10477034139026772,-0.06278266409007857,0.9196367694264388,21440
conventional,2,L20,PPML-cluster-mentee,h_index,0.0041632297066485574,0.0002550707882129007,16.321860044489384,6.900073993862165e-60,0.0036633001482430285,0.004663159265054086,1.0041719079864886,21440
conventional,2,L20,PPML-cluster-mentee,AvgTopPubPerYear_Mentored,-0.002415181107182857,0.024126163647986237,-0.10010630543760103,0.9202599294661566,-0.04970159294235536,0.04487123072798965,0.9975877330961257,21440
conventional,2,L20,PPML-cluster-mentee,AvgPaperPerYear_Mentored,0.08758200050204674,0.011011718267458077,7.953527176668678,1.8127499171494836e-15,0.06599942928992711,0.10916457171416638,1.0915317669261653,21440
conventional,2,L20,PPML-cluster-mentee,NetworkSize_Mentored,0.0002684407030925909,3.575835468408445e-05,7.507076471056711,6.046241170846946e-14,0.0001983556157653762,0.00033852579041980556,1.0002684767365224,21440
conventional,2,L20,LPM-any-cluster-mentee,topic_continuity,-0.04810372144147978,0.026412532084965502,-1.8212461147888694,0.06856945344785909,-0.09987133306852078,0.003663890185561229,,21440
conventional,2,L20,LPM-any-cluster-mentee,network_consistency,0.025926052116694197,0.003308092621112092,7.837160287240855,4.608496232160063e-15,0.01944230972179179,0.032409794511596604,,21440
conventional,2,L20,LPM-any-cluster-mentee,direct_percent,-0.0062299014052542056,0.004494141177865541,-1.3862273477160882,0.16567749329742,-0.015038256255309083,0.0025784534448006725,,21440
conventional,2,L20,LPM-any-cluster-mentee,log_PeerCount,-0.006589321774594396,0.0014480321065353096,-4.550535685538488,5.350951066918856e-06,-0.00942741255186127,-0.0037512309973275226,,21440
conventional,2,L20,LPM-any-cluster-mentee,h_index,0.00021696316258053316,3.226577257344223e-05,6.724251281654241,1.764976175905073e-11,0.00015372341040322614,0.0002802029147578402,,21440
conventional,2,L20,LPM-any-cluster-mentee,AvgTopPubPerYear_Mentored,0.008614090650867722,0.002265267886081064,3.802680779521483,0.00014313874480526587,0.004174247178813655,0.01305393412292179,,21440
conventional,2,L20,LPM-any-cluster-mentee,AvgPaperPerYear_Mentored,0.0007746053177291835,0.0008454850810027921,0.9161667486911286,0.35957944272773534,-0.0008825149905022193,0.0024317256259605863,,21440
conventional,2,L20,LPM-any-cluster-mentee,NetworkSize_Mentored,-1.0955691096429293e-05,2.8789942170802263e-06,-3.805388364947869,0.00014158186175337525,-1.6598416073605626e-05,-5.31296611925296e-06,,21440
conventional,2,L20,Gamma-positive-cluster-mentee,topic_continuity,-3.5418180827834798,0.09724486402602743,-36.421646718900426,1.934395823905494e-290,-3.7324145139559883,-3.351221651610971,0.028960626373379653,20890
conventional,2,L20,Gamma-positive-cluster-mentee,network_consistency,0.38842668387306,0.025187336143609684,15.42150712796233,1.1733382909043144e-53,0.33906041216508104,0.437792955581039,1.4746588632248818,20890
conventional,2,L20,Gamma-positive-cluster-mentee,direct_percent,-0.16280911238786255,0.023690727730509648,-6.872271474303087,6.318755684838187e-12,-0.2092420855072058,-0.11637613926851931,0.8497533803275608,20890
conventional,2,L20,Gamma-positive-cluster-mentee,log_PeerCount,-0.10274044026509563,0.008012180861646675,-12.823030587951589,1.2184331542952261e-37,-0.1184440261915442,-0.08703685433864705,0.9023611597109464,20890
conventional,2,L20,Gamma-positive-cluster-mentee,h_index,0.002872443601214342,0.00021092158577531186,13.618537859251001,3.107264793835731e-42,0.0024590448895326546,0.003285842312896029,1.0028765730202298,20890
conventional,2,L20,Gamma-positive-cluster-mentee,AvgTopPubPerYear_Mentored,0.21774510194707378,0.0176318916370994,12.349503185972093,4.901316394467028e-35,0.18318722935904597,0.2523029745351016,1.2432701200932514,20890
conventional,2,L20,Gamma-positive-cluster-mentee,AvgPaperPerYear_Mentored,0.10884045027888357,0.0078064157769448155,13.942435733480787,3.497956039227661e-44,0.09354015650772647,0.12414074405004068,1.1149844406925462,20890
conventional,2,L20,Gamma-positive-cluster-mentee,NetworkSize_Mentored,0.00010702652707531769,9.757565684075472e-05,1.0968568446327445,0.2727039763216579,-8.421824610040091e-05,0.0002982713002510363,1.0001070322546184,20890
conventional,3,L5,OLS-HC1,topic_continuity,0.26583561893172386,0.0849976693745281,3.127563624837328,0.0017626166493865776,0.09924324818780564,0.4324279896756421,,56070
conventional,3,L5,OLS-HC1,network_consistency,0.911151796276596,0.08519358475013428,10.69507520958214,1.0733254219869231e-26,0.7441754384524721,1.07812815410072,,56070
conventional,3,L5,OLS-HC1,direct_percent,-0.5497219979761145,0.09381466501312719,-5.85965955215204,4.638170631871293e-09,-0.7335953626235336,-0.3658486333286954,,56070
conventional,3,L5,OLS-HC1,log_PeerCount,-0.09877118066467583,0.011872883591674275,-8.319055762825638,8.866683010789801e-17,-0.12204160489699396,-0.0755007564323577,,56070
conventional,3,L5,OLS-HC1,h_index,0.003509092751422038,0.0009142231430925896,3.8383328817860045,0.0001238724777577313,0.0017172483171275542,0.0053009371857165215,,56070
conventional,3,L5,OLS-HC1,AvgTopPubPerYear_Mentored,1.2771707837667887,0.08381481839130149,15.238006933381802,1.9781296786598285e-52,1.1128967583490725,1.441444809184505,,56070
conventional,3,L5,OLS-HC1,AvgPaperPerYear_Mentored,0.042467979424261636,0.01594325596589007,2.66369551584194,0.0077287484001281785,0.011219771934813747,0.07371618691370953,,56070
conventional,3,L5,OLS-HC1,NetworkSize_Mentored,-8.60843275132647e-05,0.00013554668572592516,-0.6350898736640957,0.5253698010575623,-0.00035175094975984744,0.000179582294733318,,56070
conventional,3,L5,OLS-cluster-mentee,topic_continuity,0.26583561893172386,0.10445812037812865,2.5449014204872125,0.010930859236176498,0.0611014650978422,0.4705697727656055,,56070
conventional,3,L5,OLS-cluster-mentee,network_consistency,0.911151796276596,0.10699571422978357,8.51577843874952,1.6547494068001824e-17,0.7014440498860804,1.1208595426671115,,56070
conventional,3,L5,OLS-cluster-mentee,direct_percent,-0.5497219979761145,0.12014856807005324,-4.575352056260848,4.754198300354024e-06,-0.7852088641874779,-0.3142351317647511,,56070
conventional,3,L5,OLS-cluster-mentee,log_PeerCount,-0.09877118066467583,0.013121951889495503,-7.527171376367031,5.185129711554849e-14,-0.12448973377495433,-0.07305262755439733,,56070
conventional,3,L5,OLS-cluster-mentee,h_index,0.003509092751422038,0.0011399404937938486,3.078312219389091,0.0020817668226354256,0.0012748504390672896,0.005743335063776786,,56070
conventional,3,L5,OLS-cluster-mentee,AvgTopPubPerYear_Mentored,1.2771707837667887,0.10144732842220013,12.589496476945175,2.412070707845429e-36,1.0783376737314698,1.4760038938021076,,56070
conventional,3,L5,OLS-cluster-mentee,AvgPaperPerYear_Mentored,0.042467979424261636,0.019155772802789482,2.2169807431667494,0.026624407471329836,0.0049233546347623655,0.08001260421376091,,56070
conventional,3,L5,OLS-cluster-mentee,NetworkSize_Mentored,-8.60843275132647e-05,0.0001580230364394827,-0.5447580900410808,0.5859199064826083,-0.00039580378766231137,0.00022363513263578194,,56070
conventional,3,L5,OLS-two-way-cluster,topic_continuity,0.26583561893172386,0.10610872742487523,2.5053134212728634,0.012234292737030824,0.0578625131789684,0.4738087246844793,,56070
conventional,3,L5,OLS-two-way-cluster,network_consistency,0.911151796276596,0.1074722045498652,8.478022760329976,2.2905316626713947e-17,0.7005062753588602,1.1217973171943318,,56070
conventional,3,L5,OLS-two-way-cluster,direct_percent,-0.5497219979761145,0.12086889964670314,-4.548084739605793,5.413633828513183e-06,-0.7866250412836526,-0.3128189546685764,,56070
conventional,3,L5,OLS-two-way-cluster,log_PeerCount,-0.09877118066467583,0.015416875530722423,-6.40669248887991,1.4871032880608715e-10,-0.12898825670489178,-0.06855410462445988,,56070
conventional,3,L5,OLS-two-way-cluster,h_index,0.003509092751422038,0.0011693166808442676,3.000977245008093,0.0026911467461116366,0.0012172320569672737,0.005800953445876802,,56070
conventional,3,L5,OLS-two-way-cluster,AvgTopPubPerYear_Mentored,1.2771707837667887,0.10242454348570816,12.469382242792218,1.0967296736130961e-35,1.0764186785348007,1.4779228889987768,,56070
conventional,3,L5,OLS-two-way-cluster,AvgPaperPerYear_Mentored,0.042467979424261636,0.019171393058878387,2.215174416060207,0.02674809520336232,0.00489204902886,0.08004390981966328,,56070
conventional,3,L5,OLS-two-way-cluster,NetworkSize_Mentored,-8.60843275132647e-05,0.00015173326700552273,-0.5673398405778176,0.5704833140115404,-0.00038348153084408925,0.00021131287581755982,,56070
conventional,3,L5,PPML-cluster-mentee,topic_continuity,0.5924554501648431,0.03869762112780539,15.309867451752641,6.569768180587061e-53,0.5166095064669682,0.668301393862718,1.8084234618392505,56070
conventional,3,L5,PPML-cluster-mentee,network_consistency,0.6909593058893796,0.02186159737837725,31.606075893282615,3.0464573343127976e-219,0.648111362383245,0.7338072493955142,1.9956290339653817,56070
conventional,3,L5,PPML-cluster-mentee,direct_percent,-0.8351108674783818,0.02175680300098091,-38.383896174485315,0.0,-0.8777534177790374,-0.7924683171777263,0.433826381529707,56070
conventional,3,L5,PPML-cluster-mentee,log_PeerCount,-0.036163426267211,0.008011955969948824,-4.5136826017083065,6.371154470084368e-06,-0.05186657141403137,-0.020460281120390632,0.9644826588019324,56070
conventional,3,L5,PPML-cluster-mentee,h_index,0.0059668878983922275,0.0001903420983428283,31.34823010958494,1.0284628541162585e-215,0.005593824240898503,0.006339951555885952,1.0059847252341345,56070
conventional,3,L5,PPML-cluster-mentee,AvgTopPubPerYear_Mentored,0.06973461347578457,0.022778557049369205,3.061414879118328,0.0022029361860662323,0.02508946203922996,0.11437976491233917,1.0722235898008394,56070
conventional,3,L5,PPML-cluster-mentee,AvgPaperPerYear_Mentored,-0.018399718089692232,0.009545114540082996,-1.9276581765913774,0.053897657481706183,-0.03710779881656451,0.00030836263718004436,0.9817685232783921,56070
conventional,3,L5,PPML-cluster-mentee,NetworkSize_Mentored,5.104156320492185e-07,8.357872128766455e-06,0.06107004560316851,0.9513034247545696,-1.587071272772415e-05,1.6891543991822584e-05,1.0000005104157623,56070
conventional,3,L5,LPM-any-cluster-mentee,topic_continuity,0.10947333895073659,0.011717634986024586,9.342613853504012,9.398469933057887e-21,0.0865071963941419,0.13243948150733129,,56070
conventional,3,L5,LPM-any-cluster-mentee,network_consistency,0.0638090834932193,0.004611329477186203,13.837459198893571,1.5146640187961204e-43,0.05477104379708643,0.07284712318935217,,56070
conventional,3,L5,LPM-any-cluster-mentee,direct_percent,-0.011754549208009705,0.0050001917502107895,-2.350819687567817,0.018732108744009945,-0.02155474495421715,-0.0019543534618022586,,56070
conventional,3,L5,LPM-any-cluster-mentee,log_PeerCount,-0.0060872995153299315,0.0011023252233416073,-5.522235531249833,3.347133852245841e-08,-0.008247817252329554,-0.00392678177833031,,56070
conventional,3,L5,LPM-any-cluster-mentee,h_index,0.00046710486704669635,3.764043345288867e-05,12.409656961876696,2.3164310287496931e-35,0.00039333097311655793,0.0005408787609768348,,56070
conventional,3,L5,LPM-any-cluster-mentee,AvgTopPubPerYear_Mentored,0.014762538714818613,0.0024487225649301096,6.028669366731612,1.6531509538614746e-09,0.009963130679425055,0.01956194675021217,,56070
conventional,3,L5,LPM-any-cluster-mentee,AvgPaperPerYear_Mentored,-0.00111736783367315,0.0005112700071774936,-2.185475028824138,0.02885403492088222,-0.002119438634116572,-0.00011529703322972766,,56070
conventional,3,L5,LPM-any-cluster-mentee,NetworkSize_Mentored,-9.550286989558432e-06,1.9405672264737112e-06,-4.921389405773214,8.593195714518199e-07,-1.3353728863025689e-05,-5.746845116091175e-06,,56070
conventional,3,L5,Gamma-positive-cluster-mentee,topic_continuity,0.16666159206156916,0.0370455946772601,4.498823504212012,6.833055581829489e-06,0.09405356070827063,0.23926962341486768,1.1813544179432838,52731
conventional,3,L5,Gamma-positive-cluster-mentee,network_consistency,0.4967400078934282,0.019390671243700433,25.61747355985973,9.745236685571249e-145,0.45873499061971884,0.5347450251671375,1.6433552037919346,52731
conventional,3,L5,Gamma-positive-cluster-mentee,direct_percent,-0.4147547597936339,0.016103172730814106,-25.756089605868976,2.7549063292972852e-146,-0.4463163983828571,-0.38319312120441074,0.6605022425506613,52731
conventional,3,L5,Gamma-positive-cluster-mentee,log_PeerCount,-0.04715382431782686,0.004040286883288351,-11.670909932873085,1.794930485544285e-31,-0.05507264109628161,-0.039235007539372105,0.953940647034481,52731
conventional,3,L5,Gamma-positive-cluster-mentee,h_index,0.002767279611190148,0.00012110750725802002,22.849777638428705,1.4688469154318572e-115,0.0025299132587070054,0.0030046459636732907,1.002771112063754,52731
conventional,3,L5,Gamma-positive-cluster-mentee,AvgTopPubPerYear_Mentored,0.30643518818430987,0.00985724916701429,31.087292508517113,3.5770533986473316e-212,0.2871153348303244,0.3257550415382953,1.3585734130141498,52731
conventional,3,L5,Gamma-positive-cluster-mentee,AvgPaperPerYear_Mentored,0.014202688526889247,0.003999173906751279,3.5514055797655404,0.00038317944947560386,0.006364451701744395,0.0220409253520341,1.0143040258935831,52731
conventional,3,L5,Gamma-positive-cluster-mentee,NetworkSize_Mentored,1.5884233686132544e-05,3.376484874224613e-05,0.4704369863282817,0.6380428444672788,-5.0293653792112416e-05,8.206212116437751e-05,1.0000158843598412,52731
conventional,3,L10,OLS-HC1,topic_continuity,-1.619773892315334,0.18228509942037124,-8.885936905791414,6.3384323271824e-19,-1.9770461220975646,-1.2625016625331034,,42823
conventional,3,L10,OLS-HC1,network_consistency,0.9474773100847381,0.11148534715095691,8.498671209246941,1.917732419016166e-17,0.7289700448649175,1.1659845753045588,,42823
conventional,3,L10,OLS-HC1,direct_percent,-0.5889479038102086,0.11170074767755575,-5.2725511337696,1.3454033501746834e-07,-0.8078773463044139,-0.37001846131600324,,42823
conventional,3,L10,OLS-HC1,log_PeerCount,-0.1520435045524483,0.014957999673809907,-10.164695003882278,2.8501263331582844e-24,-0.1813606451938776,-0.12272636391101902,,42823
conventional,3,L10,OLS-HC1,h_index,0.005683131372194277,0.0009808707112812912,5.793965817136613,6.874345600877133e-09,0.0037606601045927605,0.007605602639795794,,42823
conventional,3,L10,OLS-HC1,AvgTopPubPerYear_Mentored,1.2355448440991263,0.07922903983995276,15.594595701210041,7.922337060966642e-55,1.0802587794831298,1.390830908715123,,42823
conventional,3,L10,OLS-HC1,AvgPaperPerYear_Mentored,0.0867844383822006,0.04009491087687397,2.1644751536848115,0.030427901467560654,0.008199857100184338,0.16536901966421685,,42823
conventional,3,L10,OLS-HC1,NetworkSize_Mentored,0.0007566512326949566,0.0002892246165622636,2.6161370414750524,0.008893085689382395,0.00018978140079051317,0.0013235210645994,,42823
conventional,3,L10,OLS-cluster-mentee,topic_continuity,-1.619773892315334,0.19543003236355352,-8.288254741226822,1.1492224110633661e-16,-2.002809717245396,-1.236738067385272,,42823
conventional,3,L10,OLS-cluster-mentee,network_consistency,0.9474773100847381,0.1166172002735468,8.124678931257638,4.48548164829297e-16,0.7189117975706918,1.1760428225987845,,42823
conventional,3,L10,OLS-cluster-mentee,direct_percent,-0.5889479038102086,0.11688373736681798,-5.038749761756031,4.6858265060069756e-07,-0.8180358194276103,-0.3598599881928068,,42823
conventional,3,L10,OLS-cluster-mentee,log_PeerCount,-0.1520435045524483,0.016941487928233356,-8.974625203909305,2.8431810803609855e-19,-0.18524821073630576,-0.11883879836859083,,42823
conventional,3,L10,OLS-cluster-mentee,h_index,0.005683131372194277,0.0010365476181412765,5.482749921692158,4.187647892134814e-08,0.0036515353723765983,0.007714727372011956,,42823
conventional,3,L10,OLS-cluster-mentee,AvgTopPubPerYear_Mentored,1.2355448440991263,0.09902071494406964,12.477640105880928,9.887382901313361e-36,1.0414678090853426,1.42962187911291,,42823
conventional,3,L10,OLS-cluster-mentee,AvgPaperPerYear_Mentored,0.0867844383822006,0.04446016297957317,1.9519595198531534,0.05094301081754515,-0.0003558798045438377,0.17392475656894502,,42823
conventional,3,L10,OLS-cluster-mentee,NetworkSize_Mentored,0.0007566512326949566,0.00031447924248689693,2.4060450753803986,0.016126274837427623,0.0001402832435352003,0.001373019221854713,,42823
conventional,3,L10,OLS-two-way-cluster,topic_continuity,-1.619773892315334,0.1967921940534684,-8.230884868712026,1.8583551650851016e-16,-2.005486592660132,-1.234061191970536,,42823
conventional,3,L10,OLS-two-way-cluster,network_consistency,0.9474773100847381,0.11701293285395878,8.097201625287552,5.623782175867484e-16,0.7181319616909789,1.1768226584784973,,42823
conventional,3,L10,OLS-two-way-cluster,direct_percent,-0.5889479038102086,0.11785374587368963,-4.997277765285599,5.814528705264426e-07,-0.8199412457226403,-0.35795456189777686,,42823
conventional,3,L10,OLS-two-way-cluster,log_PeerCount,-0.1520435045524483,0.01974542705702255,-7.700188206280064,1.3586596832881233e-14,-0.1907445415842125,-0.11334246752068411,,42823
conventional,3,L10,OLS-two-way-cluster,h_index,0.005683131372194277,0.001079475329077788,5.264716310885458,1.4040599651941265e-07,0.003567359727201813,0.007798903017186741,,42823
conventional,3,L10,OLS-two-way-cluster,AvgTopPubPerYear_Mentored,1.2355448440991263,0.0992105900694079,12.453759656451364,1.334094397118457e-35,1.041092087563087,1.4299976006351658,,42823
conventional,3,L10,OLS-two-way-cluster,AvgPaperPerYear_Mentored,0.0867844383822006,0.04447539069511869,1.9512911978022367,0.05102241556027067,-0.00038732738023203317,0.17395620414463323,,42823
conventional,3,L10,OLS-two-way-cluster,NetworkSize_Mentored,0.0007566512326949566,0.0003153420955295141,2.399461548019486,0.01641920419597989,0.0001385807254571089,0.0013747217399328045,,42823
conventional,3,L10,PPML-cluster-mentee,topic_continuity,0.027249757797981486,0.05571596356163741,0.4890834880354469,0.6247825909354563,-0.08195152414677384,0.1364510397427368,1.027624427929359,42823
conventional,3,L10,PPML-cluster-mentee,network_consistency,0.6415967533305224,0.02323486890827402,27.61353015863358,7.655063258200902e-168,0.5960572470847958,0.6871362595762489,1.8995115104064926,42823
conventional,3,L10,PPML-cluster-mentee,direct_percent,-0.6774008888042207,0.02401931043594102,-28.202345384178873,5.472846404737421e-175,-0.7244778721921521,-0.6303239054162892,0.5079354589408092,42823
conventional,3,L10,PPML-cluster-mentee,log_PeerCount,-0.060537721504062794,0.008181076898735208,-7.399725274972284,1.3646652884335344e-13,-0.07657233758033644,-0.044503105427789146,0.9412582626713539,42823
conventional,3,L10,PPML-cluster-mentee,h_index,0.005245443616452361,0.00018377595908344874,28.542599601237924,3.4705839640695544e-179,0.004885249355424495,0.0056056378774802275,1.0052592250418455,42823
conventional,3,L10,PPML-cluster-mentee,AvgTopPubPerYear_Mentored,0.10763098336533866,0.02127773035913353,5.0583864702062895,4.228188548844699e-07,0.06592739818868243,0.1493345685419949,1.1136367190790497,42823
conventional,3,L10,PPML-cluster-mentee,AvgPaperPerYear_Mentored,-0.020041366949213272,0.008492672463537132,-2.3598422092998272,0.01828270967906286,-0.03668669911024111,-0.0033960347881854362,0.9801581263166761,42823
conventional,3,L10,PPML-cluster-mentee,NetworkSize_Mentored,1.533304730455221e-05,1.122383248847958e-05,1.366115123358303,0.17190283220833114,-6.665260141378336e-06,3.733135475048276e-05,1.0000153331648562,42823
conventional,3,L10,LPM-any-cluster-mentee,topic_continuity,0.05296949278051456,0.015221937840899685,3.479812710717509,0.0005017644170042321,0.02313504283744379,0.08280394272358534,,42823
conventional,3,L10,LPM-any-cluster-mentee,network_consistency,0.044992264293680105,0.0036329257356495304,12.384581345050794,3.167334094331292e-35,0.03787186069329834,0.05211266789406187,,42823
conventional,3,L10,LPM-any-cluster-mentee,direct_percent,-0.009026601081142784,0.004286041036815982,-2.1060463499081368,0.03520032639798092,-0.01742708714956282,-0.0006261150127227482,,42823
conventional,3,L10,LPM-any-cluster-mentee,log_PeerCount,-0.005903787964650228,0.0010761083365476755,-5.486239409305672,4.1058036310063763e-08,-0.008012921547746979,-0.003794654381553477,,42823
conventional,3,L10,LPM-any-cluster-mentee,h_index,0.0003456487085733873,2.792989513322589e-05,12.375582039411153,3.543164028078102e-35,0.00029090712002028405,0.00040039029712649055,,42823
conventional,3,L10,LPM-any-cluster-mentee,AvgTopPubPerYear_Mentored,0.013040252842185891,0.0016508714204051269,7.899011807343414,2.8112325370789605e-15,0.00980460431508536,0.016275901369286423,,42823
conventional,3,L10,LPM-any-cluster-mentee,AvgPaperPerYear_Mentored,-0.000983003327547988,0.0006030933490010566,-1.6299356130791383,0.1031151058482287,-0.0021650445709057043,0.0001990379158097284,,42823
conventional,3,L10,LPM-any-cluster-mentee,NetworkSize_Mentored,-6.7017496622855455e-06,1.4142219832598068e-06,-4.738824414847444,2.1496166587975584e-06,-9.473573815619575e-06,-3.929925508951517e-06,,42823
conventional,3,L10,Gamma-positive-cluster-mentee,topic_continuity,-0.9088665687588745,0.05354081692107204,-16.97520921465754,1.2530692517928714e-64,-1.0138046416270283,-0.8039284958907206,0.4029807162168464,41085
conventional,3,L10,Gamma-positive-cluster-mentee,network_consistency,0.4904149615856779,0.021933290312943433,22.359388609207922,9.784386002773607e-111,0.4474265025098475,0.5334034206615083,1.63299370903859,41085
conventional,3,L10,Gamma-positive-cluster-mentee,direct_percent,-0.36228219732543276,0.018956633327855285,-19.111104332702766,2.0410364688905284e-81,-0.3994365159161608,-0.3251278787347047,0.6960859065415506,41085
conventional,3,L10,Gamma-positive-cluster-mentee,log_PeerCount,-0.06709471892197594,0.0050225285889617674,-13.358753013259687,1.0531359230949934e-40,-0.07693869406766378,-0.057250743776288096,0.9351066248504697,41085
conventional,3,L10,Gamma-positive-cluster-mentee,h_index,0.003083704368381905,0.00015234460550168954,20.241638082470246,4.209434235885912e-91,0.0027851144283596307,0.003382294308404179,1.0030884638757447,41085
conventional,3,L10,Gamma-positive-cluster-mentee,AvgTopPubPerYear_Mentored,0.31280632439959216,0.013505152755453444,23.161998243468922,1.1005389069237461e-118,0.28633671139319156,0.33927593740599277,1.3672567011203862,41085
conventional,3,L10,Gamma-positive-cluster-mentee,AvgPaperPerYear_Mentored,0.035592178781114425,0.006266201371669001,5.680024734288815,1.3467526522078691e-08,0.0233106497727677,0.04787370778946115,1.0362331624356647,41085
conventional,3,L10,Gamma-positive-cluster-mentee,NetworkSize_Mentored,7.464292543358925e-05,3.977145232853201e-05,1.8767965730042118,0.06054598035064759,-3.307688743185152e-06,0.00015259353961036366,1.0000746457112861,41085
conventional,3,L20,OLS-HC1,topic_continuity,-5.527327515632942,0.23698501372176634,-23.323531850509053,2.5588504329148638e-120,-5.991809607403335,-5.06284542386255,,20568
conventional,3,L20,OLS-HC1,network_consistency,1.0604990440224462,0.09229497857915403,11.490322229317611,1.4756048719109172e-30,0.8796042100534085,1.241393877991484,,20568
conventional,3,L20,OLS-HC1,direct_percent,-0.5194111191526936,0.0665166288321401,-7.808740885883859,5.776211196192393e-15,-0.6497813160367067,-0.38904092226868037,,20568
conventional,3,L20,OLS-HC1,log_PeerCount,-0.254765023655715,0.02491516523499704,-10.22529938103159,1.5275521795864131e-24,-0.30359785018517366,-0.20593219712625638,,20568
conventional,3,L20,OLS-HC1,h_index,0.009671136671303041,0.0008389230445459981,11.528037922163401,9.529069530177562e-31,0.008026877718192193,0.01131539562441389,,20568
conventional,3,L20,OLS-HC1,AvgTopPubPerYear_Mentored,0.5029181354742307,0.11223674691285927,4.4808687823489475,7.433980784838513e-06,0.2829381537830894,0.722898117165372,,20568
conventional,3,L20,OLS-HC1,AvgPaperPerYear_Mentored,0.3835517788678384,0.04229473507093058,9.068546669570129,1.2061500521349703e-19,0.3006556213931514,0.46644793634252546,,20568
conventional,3,L20,OLS-HC1,NetworkSize_Mentored,0.003640331636388039,0.0008124280638496872,4.48080488398978,7.436207011895225e-06,0.002048001891213045,0.005232661381563033,,20568
conventional,3,L20,OLS-cluster-mentee,topic_continuity,-5.527327515632942,0.29958463712926336,-18.449969826884136,5.217421081000014e-76,-6.114502614727799,-4.940152416538085,,20568
conventional,3,L20,OLS-cluster-mentee,network_consistency,1.0604990440224462,0.10192869274607194,10.404323016919248,2.369341794993115e-25,0.8607224772488962,1.2602756107959963,,20568
conventional,3,L20,OLS-cluster-mentee,direct_percent,-0.5194111191526936,0.07730326888483277,-6.719135253213131,1.8280616857203857e-11,-0.6709227420541816,-0.36789949625120555,,20568
conventional,3,L20,OLS-cluster-mentee,log_PeerCount,-0.254765023655715,0.026843568413900346,-9.490728644101974,2.2942490944364533e-21,-0.30737745096349667,-0.20215259634793337,,20568
conventional,3,L20,OLS-cluster-mentee,h_index,0.009671136671303041,0.0010730647683156657,9.012630883859252,2.011714381711589e-19,0.007567968372325519,0.011774304970280564,,20568
conventional,3,L20,OLS-cluster-mentee,AvgTopPubPerYear_Mentored,0.5029181354742307,0.18615805616056302,2.7015652496954483,0.006901393726933336,0.13805504996754242,0.867781220980919,,20568
conventional,3,L20,OLS-cluster-mentee,AvgPaperPerYear_Mentored,0.3835517788678384,0.06138945713687929,6.247844446850832,4.1615581275579645e-10,0.2632306538490896,0.5038729038865872,,20568
conventional,3,L20,OLS-cluster-mentee,NetworkSize_Mentored,0.003640331636388039,0.0008648468031438054,4.209221359384189,2.562522438123577e-05,0.0019452630500815785,0.0053354002226945,,20568
conventional,3,L20,OLS-two-way-cluster,topic_continuity,-5.527327515632942,0.3071498227068402,-17.9955419375531,2.111464973478011e-72,-6.129341168138349,-4.925313863127536,,20568
conventional,3,L20,OLS-two-way-cluster,network_consistency,1.0604990440224462,0.10412761474075662,10.184609017144384,2.322917764164259e-24,0.8564089191305633,1.2645891689143292,,20568
conventional,3,L20,OLS-two-way-cluster,direct_percent,-0.5194111191526936,0.08116658880574436,-6.399321775069271,1.5606863238163965e-10,-0.6784976332119526,-0.3603246050934346,,20568
conventional,3,L20,OLS-two-way-cluster,log_PeerCount,-0.254765023655715,0.032870987142756436,-7.750452474983122,9.156568462161752e-15,-0.3191921584555176,-0.1903378888559124,,20568
conventional,3,L20,OLS-two-way-cluster,h_index,0.009671136671303041,0.001143589518179657,8.45682521355859,2.7475527054164773e-17,0.007429701215670914,0.011912572126935169,,20568
conventional,3,L20,OLS-two-way-cluster,AvgTopPubPerYear_Mentored,0.5029181354742307,0.18630584617908358,2.6994221909215264,0.006945999625534913,0.1377586769632269,0.8680775939852345,,20568
conventional,3,L20,OLS-two-way-cluster,AvgPaperPerYear_Mentored,0.3835517788678384,0.06141106036998638,6.245646575014896,4.2205053221297836e-10,0.2631861005426651,0.5039174571930117,,20568
conventional,3,L20,OLS-two-way-cluster,NetworkSize_Mentored,0.003640331636388039,0.0008346900460638989,4.361297530208425,1.292934068116028e-05,0.0020043391461027973,0.005276324126673281,,20568
conventional,3,L20,PPML-cluster-mentee,topic_continuity,-1.9070392232251574,0.13960740072443822,-13.660015252266858,1.759468963001354e-42,-2.1806647006203073,-1.6334137458300075,0.14851946925702017,20568
conventional,3,L20,PPML-cluster-mentee,network_consistency,0.46589670044079806,0.03162664596291566,14.73114477542427,4.067566165656544e-49,0.4039096134016843,0.5278837874799118,1.5934423889501481,20568
conventional,3,L20,PPML-cluster-mentee,direct_percent,-0.3499559156944376,0.02893074834365471,-12.096331264489821,1.1043735102117979e-33,-0.4066591404937927,-0.29325269089508255,0.7047191560885514,20568
conventional,3,L20,PPML-cluster-mentee,log_PeerCount,-0.08509195119130658,0.01136119746240025,-7.48969916885235,6.903165514196255e-14,-0.10735948903885892,-0.06282441334375424,0.9184278299855785,20568
conventional,3,L20,PPML-cluster-mentee,h_index,0.004388472181312157,0.0002732838621451237,16.058292454099313,5.0013073325634316e-58,0.003852845653951706,0.0049240987086726085,1.004398115626859,20568
conventional,3,L20,PPML-cluster-mentee,AvgTopPubPerYear_Mentored,-0.02301576175443659,0.02405897306061654,-0.9566394083591356,0.3387492907030293,-0.0701704824582644,0.024138958949391224,0.9772470805233792,20568
conventional,3,L20,PPML-cluster-mentee,AvgPaperPerYear_Mentored,0.1010700087706932,0.01089174068460415,9.27950928115275,1.7026089342021377e-20,0.07972258929991943,0.12241742824146698,1.1063540935422802,20568
conventional,3,L20,PPML-cluster-mentee,NetworkSize_Mentored,0.00025170871564490847,3.226108684973542e-05,7.802239174932595,6.081823906469488e-15,0.00018847814731730832,0.0003149392839725086,1.0002517403969418,20568
conventional,3,L20,LPM-any-cluster-mentee,topic_continuity,-0.0317214553675582,0.027324885763987332,-1.1608998347347275,0.24568263607865315,-0.0852772473466446,0.021834336611528206,,20568
conventional,3,L20,LPM-any-cluster-mentee,network_consistency,0.02982818853187396,0.0038216236644650937,7.805108809961528,5.945023010065765e-15,0.02233794378705639,0.03731843327669153,,20568
conventional,3,L20,LPM-any-cluster-mentee,direct_percent,-0.007865703148444394,0.0052790539480669875,-1.4899834754150505,0.13622858090941586,-0.01821245875909967,0.0024810524622108816,,20568
conventional,3,L20,LPM-any-cluster-mentee,log_PeerCount,-0.005984426699324268,0.0014388696487633728,-4.159116640251287,3.194807347925872e-05,-0.008804559389348276,-0.0031642940093002596,,20568
conventional,3,L20,LPM-any-cluster-mentee,h_index,0.00024104181861148537,3.4987754135644064e-05,6.889319550977467,5.605988472127246e-12,0.00017246708060568067,0.0003096165566172901,,20568
conventional,3,L20,LPM-any-cluster-mentee,AvgTopPubPerYear_Mentored,0.008453511681659247,0.003174288978573387,2.6631197533434676,0.007741985637409018,0.0022320196071329724,0.014675003756185521,,20568
conventional,3,L20,LPM-any-cluster-mentee,AvgPaperPerYear_Mentored,0.0013903414326559887,0.0011100496655544834,1.252503807531437,0.21038634177967208,-0.0007853159328815309,0.0035659987981935086,,20568
conventional,3,L20,LPM-any-cluster-mentee,NetworkSize_Mentored,-1.2080189941207871e-05,2.6934461882544184e-06,-4.4850311076891645,7.290329780048898e-06,-1.7359247464483222e-05,-6.801132417932521e-06,,20568
conventional,3,L20,Gamma-positive-cluster-mentee,topic_continuity,-3.141021399405136,0.10171704290369007,-30.879991294862805,2.217560024172185e-209,-3.340383140110284,-2.941659658699988,0.04323861144778671,19988
conventional,3,L20,Gamma-positive-cluster-mentee,network_consistency,0.4154184846731521,0.028279836203587292,14.689564737311185,7.519525086401686e-49,0.3599910242254291,0.47084594512087513,1.5150046142604336,19988
conventional,3,L20,Gamma-positive-cluster-mentee,direct_percent,-0.23515274465261043,0.027112862342662837,-8.673106575051321,4.204880630813231e-18,-0.2882929783620219,-0.18201251094319898,0.7904501033808516,19988
conventional,3,L20,Gamma-positive-cluster-mentee,log_PeerCount,-0.10381129183607286,0.008022836257156444,-12.939475331242393,2.6946343842638334e-38,-0.11953576195396162,-0.0880868217181841,0.9013953820400391,19988
conventional,3,L20,Gamma-positive-cluster-mentee,h_index,0.0031101656221205593,0.00022168063464774043,14.029938280638449,1.0224051456231409e-44,0.002675679562141006,0.0035446516821001127,1.003115007205293,19988
conventional,3,L20,Gamma-positive-cluster-mentee,AvgTopPubPerYear_Mentored,0.23275538007646954,0.02040561946969685,11.406435390119887,3.883186026895934e-30,0.1927611008336344,0.27274965931930467,1.2620727134330065,19988
conventional,3,L20,Gamma-positive-cluster-mentee,AvgPaperPerYear_Mentored,0.10785822294904321,0.007741245576115038,13.9329287371829,3.9962625486334663e-44,0.09268566042437772,0.1230307854737087,1.1138898101785601,19988
conventional,3,L20,Gamma-positive-cluster-mentee,NetworkSize_Mentored,4.767573010488156e-05,7.004311834362242e-05,0.6806625865940268,0.49608501500464364,-8.96062592134952e-05,0.00018495771942325832,1.0000476768666107,19988
landmark,3,early1_3_to_later4_10,OLS-HC1,topic_continuity,0.6291510502378473,0.08289640745774796,7.58960574447721,3.208803161634021e-14,0.4666770771729038,0.7916250233027908,,40769
landmark,3,early1_3_to_later4_10,OLS-HC1,network_consistency,0.6074179608959548,0.16139597775766318,3.763526014309946,0.00016753428993353844,0.2910876572413073,0.9237482645506023,,40769
landmark,3,early1_3_to_later4_10,OLS-HC1,direct_percent,-0.5858990164774355,0.14574925609572367,-4.019910853559588,5.8220167422901635e-05,-0.8715623091985588,-0.30023572375631213,,40769
landmark,3,early1_3_to_later4_10,OLS-HC1,log_PeerCount,-0.18044899024282446,0.018617470157270877,-9.692454921022222,3.2463020265651095e-22,-0.21693856123432464,-0.14395941925132427,,40769
landmark,3,early1_3_to_later4_10,OLS-HC1,h_index,0.007175090014835166,0.001252537879257259,5.72844153750457,1.0135747106349438e-08,0.00472016088221876,0.009630019147451572,,40769
landmark,3,early1_3_to_later4_10,OLS-HC1,AvgTopPubPerYear_Mentored,1.2336672707395355,0.09452601061489711,13.05108787215772,6.264641137724481e-39,1.0483996943320864,1.4189348471469847,,40769
landmark,3,early1_3_to_later4_10,OLS-HC1,AvgPaperPerYear_Mentored,0.10778691107823013,0.049514560107355665,2.1768730418796105,0.02949004133057745,0.010740156557469308,0.20483366559899097,,40769
landmark,3,early1_3_to_later4_10,OLS-HC1,NetworkSize_Mentored,0.0008110467986942948,0.00030430687521171474,2.66522666676534,0.007693644657276256,0.00021461628303140934,0.0014074773143571803,,40769
landmark,3,early1_3_to_later4_10,OLS-cluster-mentee,topic_continuity,0.6291510502378473,0.0954182615644579,6.593612584451006,4.292509598662833e-11,0.44213469410408734,0.8161674063716073,,40769
landmark,3,early1_3_to_later4_10,OLS-cluster-mentee,network_consistency,0.6074179608959548,0.1677005616098421,3.6220389190414397,0.000292290132702447,0.27873089995352385,0.9361050218383857,,40769
landmark,3,early1_3_to_later4_10,OLS-cluster-mentee,direct_percent,-0.5858990164774355,0.15179100267235895,-3.8599060956340026,0.00011343060610213955,-0.8834039148924822,-0.28839411806238885,,40769
landmark,3,early1_3_to_later4_10,OLS-cluster-mentee,log_PeerCount,-0.18044899024282446,0.02123147902304748,-8.4991248158897,1.910254180716754e-17,-0.22206192446651518,-0.13883605601913374,,40769
landmark,3,early1_3_to_later4_10,OLS-cluster-mentee,h_index,0.007175090014835166,0.001327039403467993,5.406840215960643,6.414632028990859e-08,0.004574140577972383,0.00977603945169795,,40769
landmark,3,early1_3_to_later4_10,OLS-cluster-mentee,AvgTopPubPerYear_Mentored,1.2336672707395355,0.12000419801313417,10.280200952674287,8.65469622196902e-25,0.9984633646401795,1.4688711768388916,,40769
landmark,3,early1_3_to_later4_10,OLS-cluster-mentee,AvgPaperPerYear_Mentored,0.10778691107823013,0.05466556453917162,1.9717515402405372,0.04863797681012266,0.0006443733869038459,0.2149294487695564,,40769
landmark,3,early1_3_to_later4_10,OLS-cluster-mentee,NetworkSize_Mentored,0.0008110467986942948,0.00033319811909122976,2.4341277823126903,0.014927724177138401,0.00015799048555899665,0.001464103111829593,,40769
landmark,3,early1_3_to_later4_10,OLS-two-way-cluster,topic_continuity,0.6291510502378473,0.09727648335206718,6.467658251591982,9.953328275952263e-11,0.43848914286779567,0.819812957607899,,40769
landmark,3,early1_3_to_later4_10,OLS-two-way-cluster,network_consistency,0.6074179608959548,0.1678616011122241,3.618564084169939,0.0002962421473838863,0.27840922271599555,0.936426699075914,,40769
landmark,3,early1_3_to_later4_10,OLS-two-way-cluster,direct_percent,-0.5858990164774355,0.15298648483812521,-3.829743634526765,0.00012827682674269465,-0.8857525267601609,-0.2860455061947101,,40769
landmark,3,early1_3_to_later4_10,OLS-two-way-cluster,log_PeerCount,-0.18044899024282446,0.0247768545922111,-7.282966026670341,3.265594880643637e-13,-0.22901162524355823,-0.1318863552420907,,40769
landmark,3,early1_3_to_later4_10,OLS-two-way-cluster,h_index,0.007175090014835166,0.0013753753839795709,5.2168230567530225,1.8201798335272032e-07,0.004479354262235207,0.009870825767435126,,40769
landmark,3,early1_3_to_later4_10,OLS-two-way-cluster,AvgTopPubPerYear_Mentored,1.2336672707395355,0.12022058632182452,10.261697338898928,1.0484737980195469e-24,0.9980349215487595,1.4692996199303117,,40769
landmark,3,early1_3_to_later4_10,OLS-two-way-cluster,AvgPaperPerYear_Mentored,0.10778691107823013,0.054683404184627984,1.9711082856931945,0.04871149120727875,0.0006074388763592786,0.21496638328010098,,40769
landmark,3,early1_3_to_later4_10,OLS-two-way-cluster,NetworkSize_Mentored,0.0008110467986942948,0.00033463888538269197,2.42364780102224,0.015365499268649267,0.00015515458334421854,0.0014669390140443711,,40769
landmark,3,early1_3_to_later4_10,PPML-cluster-mentee,topic_continuity,0.3591772368715018,0.039685637911298484,9.050559743408943,1.422373230320428e-19,0.28139481586185944,0.4369596578811442,1.4321506089724332,40769
landmark,3,early1_3_to_later4_10,PPML-cluster-mentee,network_consistency,0.5244990112793875,0.028231751750772638,18.578337465900717,4.81182533136429e-77,0.4691657946273975,0.5798322279313775,1.689612159671849,40769
landmark,3,early1_3_to_later4_10,PPML-cluster-mentee,direct_percent,-0.6272513545429493,0.025861312012071466,-24.254428941971806,5.937671980509758e-130,-0.6779385946795625,-0.5765641144063361,0.5340577207651143,40769
landmark,3,early1_3_to_later4_10,PPML-cluster-mentee,log_PeerCount,-0.06259126742112416,0.00868190293091073,-7.209394981632021,5.620102206682646e-13,-0.07960748448298192,-0.045575050359266386,0.9393273289182777,40769
landmark,3,early1_3_to_later4_10,PPML-cluster-mentee,h_index,0.005271592394379322,0.00020455042991531807,25.77160261438566,1.8461610134839025e-146,0.004870680918723114,0.00567250387003553,1.0052855116857604,40769
landmark,3,early1_3_to_later4_10,PPML-cluster-mentee,AvgTopPubPerYear_Mentored,0.10004550735200123,0.020781628745704158,4.814132163374441,1.4784094501258008e-06,0.05931426347033878,0.14077675123366368,1.1052212126220151,40769
landmark,3,early1_3_to_later4_10,PPML-cluster-mentee,AvgPaperPerYear_Mentored,-0.017217768007061856,0.008275723896557292,-2.0805150367842096,0.03747831788414545,-0.03343788879031163,-0.0009976472238120843,0.9829296107041239,40769
landmark,3,early1_3_to_later4_10,PPML-cluster-mentee,NetworkSize_Mentored,1.703118044814224e-05,1.0956998091105239e-05,1.5543655576583473,0.12009724398012289,-4.44414118909815e-06,3.850650208538263e-05,1.0000170313254795,40769
landmark,3,early1_3_to_later4_10,LPM-any-cluster-mentee,topic_continuity,0.05314792626998693,0.011983373240525022,4.435139021644825,9.201289102896129e-06,0.029660946305256845,0.07663490623471701,,40769
landmark,3,early1_3_to_later4_10,LPM-any-cluster-mentee,network_consistency,0.040054631193727215,0.006231473167555869,6.427794859532002,1.2946829592520252e-10,0.02784116821468998,0.05226809417276445,,40769
landmark,3,early1_3_to_later4_10,LPM-any-cluster-mentee,direct_percent,-0.03599764304549793,0.005635304081046286,-6.387879434327593,1.6820186578064967e-10,-0.04704263608628023,-0.024952650004715624,,40769
landmark,3,early1_3_to_later4_10,LPM-any-cluster-mentee,log_PeerCount,-0.017558004895072678,0.0014765817187590861,-11.890980818744229,1.3184905171961006e-32,-0.02045205188407074,-0.014663957906074618,,40769
landmark,3,early1_3_to_later4_10,LPM-any-cluster-mentee,h_index,0.0005638287958448179,3.8553138492743615e-05,14.624718450637696,1.953774323446704e-48,0.0004882660329080556,0.0006393915587815803,,40769
landmark,3,early1_3_to_later4_10,LPM-any-cluster-mentee,AvgTopPubPerYear_Mentored,0.020224521021394465,0.0024486813210035795,8.259352022624793,1.464653842707364e-16,0.015425193822611486,0.025023848220177444,,40769
landmark,3,early1_3_to_later4_10,LPM-any-cluster-mentee,AvgPaperPerYear_Mentored,-0.0015292207884294118,0.0008958845208141663,-1.7069396254772646,0.08783327469568131,-0.0032851221835321024,0.0002266806066732786,,40769
landmark,3,early1_3_to_later4_10,LPM-any-cluster-mentee,NetworkSize_Mentored,-9.307527721470078e-06,2.158431099378317e-06,-4.312172727751599,1.6165806308452638e-05,-1.3537974939362775e-05,-5.077080503577383e-06,,40769
landmark,3,early1_3_to_later4_10,Gamma-positive-cluster-mentee,topic_continuity,0.16521639126689577,0.03943746998040102,4.18932531293215,2.79785065663416e-05,0.08792037046393023,0.24251241206986132,1.1796483566971563,37896
landmark,3,early1_3_to_later4_10,Gamma-positive-cluster-mentee,network_consistency,0.3016518875253091,0.028273348785111837,10.669124829109482,1.419571078028158e-26,0.2462371421841506,0.35706663286646756,1.3520904652174095,37896
landmark,3,early1_3_to_later4_10,Gamma-positive-cluster-mentee,direct_percent,-0.28435190432010304,0.021099500625319442,-13.476712523654717,2.1445117401351595e-41,-0.3257061656375095,-0.24299764300269658,0.7525017894764776,37896
landmark,3,early1_3_to_later4_10,Gamma-positive-cluster-mentee,log_PeerCount,-0.055664142695250836,0.005565658139063223,-10.001358564329623,1.5032047747659437e-23,-0.06657263219807698,-0.0447556531924247,0.9458567554505504,37896
landmark,3,early1_3_to_later4_10,Gamma-positive-cluster-mentee,h_index,0.0030361342000696004,0.00017304115476744514,17.54573473662925,6.411819694747689e-69,0.0026969797688821866,0.0033752886312570143,1.003040747923623,37896
landmark,3,early1_3_to_later4_10,Gamma-positive-cluster-mentee,AvgTopPubPerYear_Mentored,0.25370089000183765,0.01299686117701804,19.520166180619775,7.399720137903657e-85,0.22822751018281545,0.27917426982085985,1.2887862577550817,37896
landmark,3,early1_3_to_later4_10,Gamma-positive-cluster-mentee,AvgPaperPerYear_Mentored,0.036364842960000324,0.00599274872820316,6.068140783019915,1.2939945478952534e-09,0.024619271284323917,0.04811041463567673,1.0370341320816803,37896
landmark,3,early1_3_to_later4_10,Gamma-positive-cluster-mentee,NetworkSize_Mentored,8.248326660194313e-05,4.061168727195565e-05,2.0310228937201003,0.04225267228003076,2.885822197506337e-06,0.00016208071100637993,1.0000824866684401,37896
landmark,3,early1_3_to_later6_20,OLS-HC1,topic_continuity,0.6596896771418972,0.1498831748921525,4.401359109296775,1.0757491065482249e-05,0.3659240524647602,0.9534553018190342,,19319
landmark,3,early1_3_to_later6_20,OLS-HC1,network_consistency,0.6190322246882433,0.13474736231368092,4.594021092948643,4.34785402298191e-06,0.35493224754165886,0.8831322018348277,,19319
landmark,3,early1_3_to_later6_20,OLS-HC1,direct_percent,-0.4712038562878032,0.08862555460602398,-5.316794443572091,1.0561126115687078e-07,-0.644906751425498,-0.2975009611501083,,19319
landmark,3,early1_3_to_later6_20,OLS-HC1,log_PeerCount,-0.31285172722278837,0.0324006144436968,-9.65573439252015,4.648167461930722e-22,-0.3763557646094024,-0.24934768983617434,,19319
landmark,3,early1_3_to_later6_20,OLS-HC1,h_index,0.012070647748155286,0.0010812937725210286,11.16315293300234,6.176158684172763e-29,0.009951350897306624,0.014189944599003948,,19319
landmark,3,early1_3_to_later6_20,OLS-HC1,AvgTopPubPerYear_Mentored,0.39111261295398364,0.1270907425646773,3.077428025530214,0.0020879525401873273,0.14201933475876444,0.6402058911492028,,19319
landmark,3,early1_3_to_later6_20,OLS-HC1,AvgPaperPerYear_Mentored,0.3908615009313583,0.04889963765829452,7.993136956610129,1.3154785347054312e-15,0.2950199722640425,0.4867030295986741,,19319
landmark,3,early1_3_to_later6_20,OLS-HC1,NetworkSize_Mentored,0.004683183835956171,0.0010649912364413103,4.397391899303439,1.0955942002933974e-05,0.0025958393686804217,0.00677052830323192,,19319
landmark,3,early1_3_to_later6_20,OLS-cluster-mentee,topic_continuity,0.6596896771418972,0.16753467460680865,3.937630694601816,8.229011363046802e-05,0.3313277487509151,0.9880516055328793,,19319
landmark,3,early1_3_to_later6_20,OLS-cluster-mentee,network_consistency,0.6190322246882433,0.14521714621021925,4.262803951484626,2.018776238284626e-05,0.3344118481785263,0.9036526011979602,,19319
landmark,3,early1_3_to_later6_20,OLS-cluster-mentee,direct_percent,-0.4712038562878032,0.09987682116713172,-4.717849955389558,2.38350173399122e-06,-0.6669588286657291,-0.2754488839098773,,19319
landmark,3,early1_3_to_later6_20,OLS-cluster-mentee,log_PeerCount,-0.31285172722278837,0.035339681322198724,-8.852703689386969,8.542423779966289e-19,-0.38211622983942073,-0.24358722460615603,,19319
landmark,3,early1_3_to_later6_20,OLS-cluster-mentee,h_index,0.012070647748155286,0.0013781992622516892,8.758274713073328,1.9826150183145947e-18,0.009369426830622302,0.01477186866568827,,19319
landmark,3,early1_3_to_later6_20,OLS-cluster-mentee,AvgTopPubPerYear_Mentored,0.39111261295398364,0.22119845776406558,1.7681525310233026,0.07703540744944072,-0.042428397699389164,0.8246536236073565,,19319
landmark,3,early1_3_to_later6_20,OLS-cluster-mentee,AvgPaperPerYear_Mentored,0.3908615009313583,0.07380601905185467,5.295794380357334,1.1850012160971004e-07,0.24620436174744606,0.5355186401152705,,19319
landmark,3,early1_3_to_later6_20,OLS-cluster-mentee,NetworkSize_Mentored,0.004683183835956171,0.001138434523121858,4.113705040421445,3.8935888376159724e-05,0.0024518931718802983,0.006914474500032044,,19319
landmark,3,early1_3_to_later6_20,OLS-two-way-cluster,topic_continuity,0.6596896771418972,0.1696103586864364,3.8894421440466656,0.0001004749177743461,0.32725337411648187,0.9921259801673126,,19319
landmark,3,early1_3_to_later6_20,OLS-two-way-cluster,network_consistency,0.6190322246882433,0.14608628597220702,4.237442416778358,2.2608037654068327e-05,0.3327031041827175,0.905361345193769,,19319
landmark,3,early1_3_to_later6_20,OLS-two-way-cluster,direct_percent,-0.4712038562878032,0.10408275033295639,-4.527204121532547,5.97692007847059e-06,-0.6752060469403978,-0.2672016656352087,,19319
landmark,3,early1_3_to_later6_20,OLS-two-way-cluster,log_PeerCount,-0.31285172722278837,0.0433212526893753,-7.221668529901871,5.135352599116185e-13,-0.397761382493964,-0.22794207195161278,,19319
landmark,3,early1_3_to_later6_20,OLS-two-way-cluster,h_index,0.012070647748155286,0.0014601544727400044,8.26669230790665,1.3772681802116377e-16,0.009208744981584877,0.014932550514725695,,19319
landmark,3,early1_3_to_later6_20,OLS-two-way-cluster,AvgTopPubPerYear_Mentored,0.39111261295398364,0.22136799098704046,1.7667984030124777,0.07726199627595534,-0.04276864938061564,0.8249938752885829,,19319
landmark,3,early1_3_to_later6_20,OLS-two-way-cluster,AvgPaperPerYear_Mentored,0.3908615009313583,0.07383598347869097,5.293645218989475,1.1990194419162505e-07,0.24614297331312399,0.5355800285495926,,19319
landmark,3,early1_3_to_later6_20,OLS-two-way-cluster,NetworkSize_Mentored,0.004683183835956171,0.0011007672947685228,4.254472183370041,2.0954270560434035e-05,0.0025256799382098664,0.006840687733702475,,19319
landmark,3,early1_3_to_later6_20,PPML-cluster-mentee,topic_continuity,0.2617772487766265,0.05566877225044441,4.702407439469562,2.571117862160439e-06,0.1526684601021927,0.3708860374510603,1.2992371035398795,19319
landmark,3,early1_3_to_later6_20,PPML-cluster-mentee,network_consistency,0.27894022155976855,0.038263437286336466,7.289993825499196,3.0996923011937416e-13,0.20394526255384204,0.35393518056569506,1.3217283306499032,19319
landmark,3,early1_3_to_later6_20,PPML-cluster-mentee,direct_percent,-0.28060417245091124,0.0315234764290683,-8.901434874491242,5.512930501279339e-19,-0.34238905091938243,-0.21881929398244004,0.7553272556522503,19319
landmark,3,early1_3_to_later6_20,PPML-cluster-mentee,log_PeerCount,-0.08809578786145623,0.011455776522882294,-7.690075630009861,1.4704807747262274e-14,-0.11054869726124503,-0.06564287846166744,0.9156731621484019,19319
landmark,3,early1_3_to_later6_20,PPML-cluster-mentee,h_index,0.004325949064301444,0.0002989134954485005,14.472244077874889,1.8145404994435444e-47,0.0037400893787294057,0.004911808749873483,1.0043353194890758,19319
landmark,3,early1_3_to_later6_20,PPML-cluster-mentee,AvgTopPubPerYear_Mentored,-0.02330833549910839,0.02397187310887519,-0.972320160099582,0.3308912974563951,-0.07029234343446798,0.0236756724362512,0.9769612055073621,19319
landmark,3,early1_3_to_later6_20,PPML-cluster-mentee,AvgPaperPerYear_Mentored,0.08782426270144664,0.009906484073745237,8.865331236356983,7.627696801409627e-19,0.06840791070348634,0.10724061469940693,1.0917962358468534,19319
landmark,3,early1_3_to_later6_20,PPML-cluster-mentee,NetworkSize_Mentored,0.0002796834013930191,3.3212922769856525e-05,8.42092107734809,3.735358471644106e-17,0.00021458726894279005,0.00034477953384324817,1.0002797225164421,19319
landmark,3,early1_3_to_later6_20,LPM-any-cluster-mentee,topic_continuity,0.02163196108496764,0.01439353053315068,1.5028947230942162,0.13286619400115166,-0.006578840370385294,0.04984276254032057,,19319
landmark,3,early1_3_to_later6_20,LPM-any-cluster-mentee,network_consistency,0.01787595070247799,0.006628868826780689,2.6966819180761266,0.0070034132101284546,0.0048836065437475595,0.03086829486120842,,19319
landmark,3,early1_3_to_later6_20,LPM-any-cluster-mentee,direct_percent,-0.012930485721241296,0.006545985825093437,-1.9753305409971198,0.048230649528092195,-0.02576038218173414,-0.0001005892607484505,,19319
landmark,3,early1_3_to_later6_20,LPM-any-cluster-mentee,log_PeerCount,-0.015553260061913973,0.001931528064996992,-8.052308606729044,8.124673008658594e-16,-0.01933898550443642,-0.011767534619391527,,19319
landmark,3,early1_3_to_later6_20,LPM-any-cluster-mentee,h_index,0.0003729425069762195,4.699899159300917e-05,7.935117208593312,2.1029662821292498e-15,0.0002808261761442207,0.0004650588378082183,,19319
landmark,3,early1_3_to_later6_20,LPM-any-cluster-mentee,AvgTopPubPerYear_Mentored,0.009298778385971658,0.0037722737453932008,2.465032766332923,0.013700072258787032,0.0019052577051749666,0.01669229906676835,,19319
landmark,3,early1_3_to_later6_20,LPM-any-cluster-mentee,AvgPaperPerYear_Mentored,0.0020195656468434946,0.0013016413103221936,1.5515531282144035,0.1207691857681434,-0.0005316044421775287,0.004570735735864518,,19319
landmark,3,early1_3_to_later6_20,LPM-any-cluster-mentee,NetworkSize_Mentored,-1.0608619159046755e-05,3.537643011116509e-06,-2.99878171022649,0.0027106143694876398,-1.7542272050994944e-05,-3.6749662670985676e-06,,19319
landmark,3,early1_3_to_later6_20,Gamma-positive-cluster-mentee,topic_continuity,0.06232205200821327,0.06033177799181108,1.0329888175460755,0.30160913182100246,-0.05592605997900272,0.18057016399542927,1.0643050511194954,18513
landmark,3,early1_3_to_later6_20,Gamma-positive-cluster-mentee,network_consistency,0.2270459268599074,0.03763586573437313,6.032701053361039,1.61241540310263e-09,0.15328098549355096,0.30081086822626385,1.2548874996592436,18513
landmark,3,early1_3_to_later6_20,Gamma-positive-cluster-mentee,direct_percent,-0.1757208529024047,0.03013033200189089,-5.832025113144355,5.475867485032779e-09,-0.23477521846834545,-0.11666648733646393,0.8388521137900117,18513
landmark,3,early1_3_to_later6_20,Gamma-positive-cluster-mentee,log_PeerCount,-0.09421470808364367,0.009157837375649307,-10.28787739059012,7.9918666071739415e-25,-0.11216373951619112,-0.07626567665109622,0.9100873381536287,18513
landmark,3,early1_3_to_later6_20,Gamma-positive-cluster-mentee,h_index,0.0031256237679423045,0.00025087978496269166,12.458651335368117,1.2547459800272157e-35,0.0026339084249662756,0.0036173391109183333,1.0031305136232003,18513
landmark,3,early1_3_to_later6_20,Gamma-positive-cluster-mentee,AvgTopPubPerYear_Mentored,0.17820179859412516,0.020378532753797658,8.744584349965836,2.238381099271869e-18,0.1382606083389119,0.21814298884933842,1.1950664596347278,18513
landmark,3,early1_3_to_later6_20,Gamma-positive-cluster-mentee,AvgPaperPerYear_Mentored,0.07477659396233828,0.007986099641144226,9.36334347459062,7.72525498637015e-21,0.059124126288747345,0.09042906163592922,1.077643371954159,18513
landmark,3,early1_3_to_later6_20,Gamma-positive-cluster-mentee,NetworkSize_Mentored,0.00013453219118448454,6.138763535690098e-05,2.1915193573156735,0.028414230510678165,1.4214636788880994e-05,0.0002548497455800881,1.0001345412410456,18513
